
/****** Object:  Table [dbo].[Animals]    Script Date: 22/03/2024 4:13:16 PM ******/
SET ANSI_NULLS ON
GO
SET QUOTED_IDENTIFIER ON
GO
CREATE TABLE [dbo].[Animals](
	[animalID] [int] IDENTITY(1,1) NOT NULL,
	[name] [varchar](100) NOT NULL,
	[gender] [varchar](1) NULL,
	[dob] [date] NULL,
	[ownerID] [int] NULL,
	[speciesID] [int] NULL,
 CONSTRAINT [animals_PK] PRIMARY KEY CLUSTERED 
(
	[animalID] ASC
)WITH (PAD_INDEX = OFF, STATISTICS_NORECOMPUTE = OFF, IGNORE_DUP_KEY = OFF, ALLOW_ROW_LOCKS = ON, ALLOW_PAGE_LOCKS = ON) ON [PRIMARY]
) ON [PRIMARY]
GO
/****** Object:  Table [dbo].[Courses]    Script Date: 22/03/2024 4:13:16 PM ******/
SET ANSI_NULLS ON
GO
SET QUOTED_IDENTIFIER ON
GO
CREATE TABLE [dbo].[Courses](
	[courseID] [int] IDENTITY(1,1) NOT NULL,
	[name] [varchar](100) NOT NULL,
	[description] [varchar](max) NOT NULL,
	[photo] [varchar](500) NULL,
	[date] [datetime] NOT NULL,
	[trainerID] [int] NOT NULL,
 CONSTRAINT [courses_PK] PRIMARY KEY CLUSTERED 
(
	[courseID] ASC
)WITH (PAD_INDEX = OFF, STATISTICS_NORECOMPUTE = OFF, IGNORE_DUP_KEY = OFF, ALLOW_ROW_LOCKS = ON, ALLOW_PAGE_LOCKS = ON) ON [PRIMARY]
) ON [PRIMARY] TEXTIMAGE_ON [PRIMARY]
GO
/****** Object:  Table [dbo].[Enrolments]    Script Date: 22/03/2024 4:13:16 PM ******/
SET ANSI_NULLS ON
GO
SET QUOTED_IDENTIFIER ON
GO
CREATE TABLE [dbo].[Enrolments](
	[CourseID] [int] NOT NULL,
	[PuppyID] [int] NOT NULL,
 CONSTRAINT [Enrollments_PK] PRIMARY KEY CLUSTERED 
(
	[CourseID] ASC,
	[PuppyID] ASC
)WITH (PAD_INDEX = OFF, STATISTICS_NORECOMPUTE = OFF, IGNORE_DUP_KEY = OFF, ALLOW_ROW_LOCKS = ON, ALLOW_PAGE_LOCKS = ON) ON [PRIMARY]
) ON [PRIMARY]
GO
/****** Object:  Table [dbo].[Owners]    Script Date: 22/03/2024 4:13:16 PM ******/
SET ANSI_NULLS ON
GO
SET QUOTED_IDENTIFIER ON
GO
CREATE TABLE [dbo].[Owners](
	[ownerID] [int] NOT NULL,
	[contact] [varchar](100) NULL,
 CONSTRAINT [owners_PK] PRIMARY KEY CLUSTERED 
(
	[ownerID] ASC
)WITH (PAD_INDEX = OFF, STATISTICS_NORECOMPUTE = OFF, IGNORE_DUP_KEY = OFF, ALLOW_ROW_LOCKS = ON, ALLOW_PAGE_LOCKS = ON) ON [PRIMARY]
) ON [PRIMARY]
GO
/****** Object:  Table [dbo].[People]    Script Date: 22/03/2024 4:13:16 PM ******/
SET ANSI_NULLS ON
GO
SET QUOTED_IDENTIFIER ON
GO
CREATE TABLE [dbo].[People](
	[personID] [int] IDENTITY(1,1) NOT NULL,
	[firstName] [varchar](100) NOT NULL,
	[lastName] [varchar](100) NOT NULL,
	[addressLine1] [varchar](100) NULL,
	[addressLine2] [varchar](100) NULL,
 CONSTRAINT [People_PK] PRIMARY KEY CLUSTERED 
(
	[personID] ASC
)WITH (PAD_INDEX = OFF, STATISTICS_NORECOMPUTE = OFF, IGNORE_DUP_KEY = OFF, ALLOW_ROW_LOCKS = ON, ALLOW_PAGE_LOCKS = ON) ON [PRIMARY]
) ON [PRIMARY]
GO
/****** Object:  Table [dbo].[Puppies]    Script Date: 22/03/2024 4:13:16 PM ******/
SET ANSI_NULLS ON
GO
SET QUOTED_IDENTIFIER ON
GO
CREATE TABLE [dbo].[Puppies](
	[puppyID] [int] NOT NULL,
 CONSTRAINT [Puppies_PK] PRIMARY KEY CLUSTERED 
(
	[puppyID] ASC
)WITH (PAD_INDEX = OFF, STATISTICS_NORECOMPUTE = OFF, IGNORE_DUP_KEY = OFF, ALLOW_ROW_LOCKS = ON, ALLOW_PAGE_LOCKS = ON) ON [PRIMARY]
) ON [PRIMARY]
GO
/****** Object:  Table [dbo].[Roles]    Script Date: 22/03/2024 4:13:16 PM ******/
SET ANSI_NULLS ON
GO
SET QUOTED_IDENTIFIER ON
GO
CREATE TABLE [dbo].[Roles](
	[roleID] [varchar](3) NOT NULL,
	[roleName] [varchar](25) NOT NULL,
 CONSTRAINT [roles_PK] PRIMARY KEY CLUSTERED 
(
	[roleID] ASC
)WITH (PAD_INDEX = OFF, STATISTICS_NORECOMPUTE = OFF, IGNORE_DUP_KEY = OFF, ALLOW_ROW_LOCKS = ON, ALLOW_PAGE_LOCKS = ON) ON [PRIMARY]
) ON [PRIMARY]
GO
/****** Object:  Table [dbo].[Species]    Script Date: 22/03/2024 4:13:16 PM ******/
SET ANSI_NULLS ON
GO
SET QUOTED_IDENTIFIER ON
GO
CREATE TABLE [dbo].[Species](
	[speciesID] [int] IDENTITY(1,1) NOT NULL,
	[name] [varchar](100) NOT NULL,
	[parentSpeciesID] [int] NULL,
 CONSTRAINT [Species_PK] PRIMARY KEY CLUSTERED 
(
	[speciesID] ASC
)WITH (PAD_INDEX = OFF, STATISTICS_NORECOMPUTE = OFF, IGNORE_DUP_KEY = OFF, ALLOW_ROW_LOCKS = ON, ALLOW_PAGE_LOCKS = ON) ON [PRIMARY]
) ON [PRIMARY]
GO
/****** Object:  Table [dbo].[Staff]    Script Date: 22/03/2024 4:13:16 PM ******/
SET ANSI_NULLS ON
GO
SET QUOTED_IDENTIFIER ON
GO
CREATE TABLE [dbo].[Staff](
	[staffID] [int] NOT NULL,
	[email] [varchar](100) NULL,
	[photo] [varchar](500) NULL,
	[roleID] [varchar](3) NULL,
 CONSTRAINT [Staff_PK] PRIMARY KEY CLUSTERED 
(
	[staffID] ASC
)WITH (PAD_INDEX = OFF, STATISTICS_NORECOMPUTE = OFF, IGNORE_DUP_KEY = OFF, ALLOW_ROW_LOCKS = ON, ALLOW_PAGE_LOCKS = ON) ON [PRIMARY]
) ON [PRIMARY]
GO
/****** Object:  Table [dbo].[Trainers]    Script Date: 22/03/2024 4:13:16 PM ******/
SET ANSI_NULLS ON
GO
SET QUOTED_IDENTIFIER ON
GO
CREATE TABLE [dbo].[Trainers](
	[trainerID] [int] NOT NULL,
	[specialty] [varchar](100) NULL,
	[description] [varchar](max) NULL,
 CONSTRAINT [trainers_PK] PRIMARY KEY CLUSTERED 
(
	[trainerID] ASC
)WITH (PAD_INDEX = OFF, STATISTICS_NORECOMPUTE = OFF, IGNORE_DUP_KEY = OFF, ALLOW_ROW_LOCKS = ON, ALLOW_PAGE_LOCKS = ON) ON [PRIMARY]
) ON [PRIMARY] TEXTIMAGE_ON [PRIMARY]
GO
SET IDENTITY_INSERT [dbo].[Animals] ON 

INSERT [dbo].[Animals] ([animalID], [name], [gender], [dob], [ownerID], [speciesID]) VALUES (2, N'Gus', N'M', CAST(N'2018-10-05' AS Date), 203, 37)
INSERT [dbo].[Animals] ([animalID], [name], [gender], [dob], [ownerID], [speciesID]) VALUES (3, N'Daisy', N'F', CAST(N'2016-05-16' AS Date), 190, 16)
INSERT [dbo].[Animals] ([animalID], [name], [gender], [dob], [ownerID], [speciesID]) VALUES (4, N'Oliver', N'M', CAST(N'2017-04-12' AS Date), 179, 20)
INSERT [dbo].[Animals] ([animalID], [name], [gender], [dob], [ownerID], [speciesID]) VALUES (5, N'Bear', N'M', CAST(N'2022-05-13' AS Date), 26, 26)
INSERT [dbo].[Animals] ([animalID], [name], [gender], [dob], [ownerID], [speciesID]) VALUES (6, N'Henry', N'M', CAST(N'2021-07-30' AS Date), 7, 13)
INSERT [dbo].[Animals] ([animalID], [name], [gender], [dob], [ownerID], [speciesID]) VALUES (7, N'Jake', N'M', CAST(N'2015-01-28' AS Date), 141, 14)
INSERT [dbo].[Animals] ([animalID], [name], [gender], [dob], [ownerID], [speciesID]) VALUES (8, N'Sammy', N'U', CAST(N'2020-04-26' AS Date), 52, 15)
INSERT [dbo].[Animals] ([animalID], [name], [gender], [dob], [ownerID], [speciesID]) VALUES (9, N'Max', N'M', CAST(N'2023-04-28' AS Date), 150, 8)
INSERT [dbo].[Animals] ([animalID], [name], [gender], [dob], [ownerID], [speciesID]) VALUES (10, N'Teddy', N'M', CAST(N'2022-08-02' AS Date), 215, 15)
INSERT [dbo].[Animals] ([animalID], [name], [gender], [dob], [ownerID], [speciesID]) VALUES (11, N'Rex', N'M', CAST(N'2016-03-07' AS Date), 12, 28)
INSERT [dbo].[Animals] ([animalID], [name], [gender], [dob], [ownerID], [speciesID]) VALUES (12, N'Bandit', N'M', CAST(N'2020-12-13' AS Date), 231, 44)
INSERT [dbo].[Animals] ([animalID], [name], [gender], [dob], [ownerID], [speciesID]) VALUES (13, N'Winston', N'M', CAST(N'2016-07-12' AS Date), 44, 27)
INSERT [dbo].[Animals] ([animalID], [name], [gender], [dob], [ownerID], [speciesID]) VALUES (14, N'Otis', N'M', CAST(N'2020-03-03' AS Date), 42, 19)
INSERT [dbo].[Animals] ([animalID], [name], [gender], [dob], [ownerID], [speciesID]) VALUES (15, N'Bear', N'M', CAST(N'2016-03-27' AS Date), 240, 15)
INSERT [dbo].[Animals] ([animalID], [name], [gender], [dob], [ownerID], [speciesID]) VALUES (16, N'Sam', N'M', CAST(N'2023-05-29' AS Date), 203, 20)
INSERT [dbo].[Animals] ([animalID], [name], [gender], [dob], [ownerID], [speciesID]) VALUES (17, N'Luna', N'F', CAST(N'2018-05-24' AS Date), 164, 19)
INSERT [dbo].[Animals] ([animalID], [name], [gender], [dob], [ownerID], [speciesID]) VALUES (18, N'Lucky', N'U', CAST(N'2024-01-08' AS Date), 95, 46)
INSERT [dbo].[Animals] ([animalID], [name], [gender], [dob], [ownerID], [speciesID]) VALUES (19, N'Marley', N'U', CAST(N'2022-11-05' AS Date), 16, 45)
INSERT [dbo].[Animals] ([animalID], [name], [gender], [dob], [ownerID], [speciesID]) VALUES (20, N'Sammy', N'U', CAST(N'2015-08-13' AS Date), 128, 4)
INSERT [dbo].[Animals] ([animalID], [name], [gender], [dob], [ownerID], [speciesID]) VALUES (21, N'Otis', N'M', CAST(N'2014-09-25' AS Date), 133, 45)
INSERT [dbo].[Animals] ([animalID], [name], [gender], [dob], [ownerID], [speciesID]) VALUES (22, N'Lola', N'F', CAST(N'2019-07-15' AS Date), 43, 11)
INSERT [dbo].[Animals] ([animalID], [name], [gender], [dob], [ownerID], [speciesID]) VALUES (23, N'Simba', N'M', CAST(N'2016-04-27' AS Date), 38, 12)
INSERT [dbo].[Animals] ([animalID], [name], [gender], [dob], [ownerID], [speciesID]) VALUES (24, N'Daisy', N'F', CAST(N'2017-03-13' AS Date), 9, 4)
INSERT [dbo].[Animals] ([animalID], [name], [gender], [dob], [ownerID], [speciesID]) VALUES (25, N'Gizmo', N'M', CAST(N'2014-10-07' AS Date), 185, 25)
INSERT [dbo].[Animals] ([animalID], [name], [gender], [dob], [ownerID], [speciesID]) VALUES (26, N'Toby', N'M', CAST(N'2023-01-14' AS Date), 54, 31)
INSERT [dbo].[Animals] ([animalID], [name], [gender], [dob], [ownerID], [speciesID]) VALUES (27, N'Shadow', N'U', CAST(N'2017-04-23' AS Date), 223, 21)
INSERT [dbo].[Animals] ([animalID], [name], [gender], [dob], [ownerID], [speciesID]) VALUES (28, N'Charlie', N'M', CAST(N'2023-12-24' AS Date), 88, 30)
INSERT [dbo].[Animals] ([animalID], [name], [gender], [dob], [ownerID], [speciesID]) VALUES (29, N'Rocco', N'M', CAST(N'2017-04-14' AS Date), 93, 30)
INSERT [dbo].[Animals] ([animalID], [name], [gender], [dob], [ownerID], [speciesID]) VALUES (30, N'Bandit', N'M', CAST(N'2016-11-14' AS Date), 184, 45)
INSERT [dbo].[Animals] ([animalID], [name], [gender], [dob], [ownerID], [speciesID]) VALUES (31, N'Sadie', N'F', CAST(N'2015-10-22' AS Date), 96, 20)
INSERT [dbo].[Animals] ([animalID], [name], [gender], [dob], [ownerID], [speciesID]) VALUES (32, N'Zeus', N'M', CAST(N'2023-11-29' AS Date), 200, 17)
INSERT [dbo].[Animals] ([animalID], [name], [gender], [dob], [ownerID], [speciesID]) VALUES (33, N'Oliver', N'M', CAST(N'2019-03-02' AS Date), 23, 28)
INSERT [dbo].[Animals] ([animalID], [name], [gender], [dob], [ownerID], [speciesID]) VALUES (34, N'Bandit', N'M', CAST(N'2019-12-16' AS Date), 117, 26)
INSERT [dbo].[Animals] ([animalID], [name], [gender], [dob], [ownerID], [speciesID]) VALUES (35, N'Apollo', N'M', CAST(N'2016-12-17' AS Date), 107, 45)
INSERT [dbo].[Animals] ([animalID], [name], [gender], [dob], [ownerID], [speciesID]) VALUES (36, N'Bruno', N'M', CAST(N'2014-09-24' AS Date), 19, 42)
INSERT [dbo].[Animals] ([animalID], [name], [gender], [dob], [ownerID], [speciesID]) VALUES (37, N'Sammy', N'U', CAST(N'2019-07-30' AS Date), 123, 28)
INSERT [dbo].[Animals] ([animalID], [name], [gender], [dob], [ownerID], [speciesID]) VALUES (38, N'Rex', N'M', CAST(N'2018-05-13' AS Date), 219, 49)
INSERT [dbo].[Animals] ([animalID], [name], [gender], [dob], [ownerID], [speciesID]) VALUES (39, N'Maggie', N'F', CAST(N'2018-09-12' AS Date), 209, 8)
INSERT [dbo].[Animals] ([animalID], [name], [gender], [dob], [ownerID], [speciesID]) VALUES (40, N'Scout', N'U', CAST(N'2018-12-28' AS Date), 108, 26)
INSERT [dbo].[Animals] ([animalID], [name], [gender], [dob], [ownerID], [speciesID]) VALUES (41, N'Rex', N'M', CAST(N'2019-10-20' AS Date), 146, 4)
INSERT [dbo].[Animals] ([animalID], [name], [gender], [dob], [ownerID], [speciesID]) VALUES (42, N'Rusty', N'M', CAST(N'2017-06-18' AS Date), 16, 8)
INSERT [dbo].[Animals] ([animalID], [name], [gender], [dob], [ownerID], [speciesID]) VALUES (43, N'Bailey', N'U', CAST(N'2017-10-08' AS Date), 99, 32)
INSERT [dbo].[Animals] ([animalID], [name], [gender], [dob], [ownerID], [speciesID]) VALUES (44, N'Buster', N'M', CAST(N'2017-02-04' AS Date), 181, 51)
INSERT [dbo].[Animals] ([animalID], [name], [gender], [dob], [ownerID], [speciesID]) VALUES (45, N'Harley', N'U', CAST(N'2016-07-22' AS Date), 138, 22)
INSERT [dbo].[Animals] ([animalID], [name], [gender], [dob], [ownerID], [speciesID]) VALUES (46, N'Jack', N'M', CAST(N'2022-05-13' AS Date), 49, 23)
INSERT [dbo].[Animals] ([animalID], [name], [gender], [dob], [ownerID], [speciesID]) VALUES (47, N'Lucy', N'F', CAST(N'2019-07-27' AS Date), 107, 34)
INSERT [dbo].[Animals] ([animalID], [name], [gender], [dob], [ownerID], [speciesID]) VALUES (48, N'Cody', N'M', CAST(N'2020-04-25' AS Date), 247, 10)
INSERT [dbo].[Animals] ([animalID], [name], [gender], [dob], [ownerID], [speciesID]) VALUES (49, N'Charlie', N'M', CAST(N'2020-02-25' AS Date), 150, 26)
INSERT [dbo].[Animals] ([animalID], [name], [gender], [dob], [ownerID], [speciesID]) VALUES (50, N'Bruno', N'M', CAST(N'2022-12-19' AS Date), 16, 52)
INSERT [dbo].[Animals] ([animalID], [name], [gender], [dob], [ownerID], [speciesID]) VALUES (51, N'Jake', N'M', CAST(N'2019-08-03' AS Date), 154, 11)
INSERT [dbo].[Animals] ([animalID], [name], [gender], [dob], [ownerID], [speciesID]) VALUES (52, N'Bruno', N'M', CAST(N'2020-06-03' AS Date), 5, 26)
INSERT [dbo].[Animals] ([animalID], [name], [gender], [dob], [ownerID], [speciesID]) VALUES (53, N'Rosie', N'F', CAST(N'2016-04-08' AS Date), 147, 22)
INSERT [dbo].[Animals] ([animalID], [name], [gender], [dob], [ownerID], [speciesID]) VALUES (54, N'Toby', N'M', CAST(N'2016-12-10' AS Date), 45, 35)
INSERT [dbo].[Animals] ([animalID], [name], [gender], [dob], [ownerID], [speciesID]) VALUES (55, N'Rusty', N'M', CAST(N'2022-01-14' AS Date), 67, 40)
INSERT [dbo].[Animals] ([animalID], [name], [gender], [dob], [ownerID], [speciesID]) VALUES (56, N'Otis', N'M', CAST(N'2014-09-01' AS Date), 144, 36)
INSERT [dbo].[Animals] ([animalID], [name], [gender], [dob], [ownerID], [speciesID]) VALUES (57, N'Lucy', N'F', CAST(N'2018-02-21' AS Date), 167, 44)
INSERT [dbo].[Animals] ([animalID], [name], [gender], [dob], [ownerID], [speciesID]) VALUES (58, N'Blue', N'U', CAST(N'2019-07-07' AS Date), 121, 29)
INSERT [dbo].[Animals] ([animalID], [name], [gender], [dob], [ownerID], [speciesID]) VALUES (59, N'Bandit', N'M', CAST(N'2023-06-29' AS Date), 189, 43)
INSERT [dbo].[Animals] ([animalID], [name], [gender], [dob], [ownerID], [speciesID]) VALUES (60, N'Winston', N'M', CAST(N'2019-01-20' AS Date), 240, 29)
INSERT [dbo].[Animals] ([animalID], [name], [gender], [dob], [ownerID], [speciesID]) VALUES (61, N'Milo', N'M', CAST(N'2021-08-23' AS Date), 36, 39)
INSERT [dbo].[Animals] ([animalID], [name], [gender], [dob], [ownerID], [speciesID]) VALUES (62, N'Sam', N'M', CAST(N'2015-11-15' AS Date), 136, 43)
INSERT [dbo].[Animals] ([animalID], [name], [gender], [dob], [ownerID], [speciesID]) VALUES (63, N'Bailey', N'U', CAST(N'2018-09-04' AS Date), 59, 24)
INSERT [dbo].[Animals] ([animalID], [name], [gender], [dob], [ownerID], [speciesID]) VALUES (64, N'Chloe', N'F', CAST(N'2020-09-08' AS Date), 157, 31)
INSERT [dbo].[Animals] ([animalID], [name], [gender], [dob], [ownerID], [speciesID]) VALUES (65, N'Bailey', N'U', CAST(N'2018-12-09' AS Date), 105, 13)
INSERT [dbo].[Animals] ([animalID], [name], [gender], [dob], [ownerID], [speciesID]) VALUES (66, N'Maggie', N'F', CAST(N'2021-08-28' AS Date), 210, 18)
INSERT [dbo].[Animals] ([animalID], [name], [gender], [dob], [ownerID], [speciesID]) VALUES (67, N'Sammy', N'U', CAST(N'2019-09-30' AS Date), 32, 47)
INSERT [dbo].[Animals] ([animalID], [name], [gender], [dob], [ownerID], [speciesID]) VALUES (68, N'Luna', N'F', CAST(N'2017-01-22' AS Date), 32, 11)
INSERT [dbo].[Animals] ([animalID], [name], [gender], [dob], [ownerID], [speciesID]) VALUES (69, N'Rocco', N'M', CAST(N'2019-11-06' AS Date), 161, 9)
INSERT [dbo].[Animals] ([animalID], [name], [gender], [dob], [ownerID], [speciesID]) VALUES (70, N'Hunter', N'M', CAST(N'2018-08-28' AS Date), 131, 41)
INSERT [dbo].[Animals] ([animalID], [name], [gender], [dob], [ownerID], [speciesID]) VALUES (71, N'Oscar', N'M', CAST(N'2023-03-21' AS Date), 74, 42)
INSERT [dbo].[Animals] ([animalID], [name], [gender], [dob], [ownerID], [speciesID]) VALUES (72, N'Simba', N'M', CAST(N'2022-08-31' AS Date), 197, 42)
INSERT [dbo].[Animals] ([animalID], [name], [gender], [dob], [ownerID], [speciesID]) VALUES (73, N'Teddy', N'M', CAST(N'2021-12-18' AS Date), 99, 43)
INSERT [dbo].[Animals] ([animalID], [name], [gender], [dob], [ownerID], [speciesID]) VALUES (74, N'Toby', N'M', CAST(N'2019-07-09' AS Date), 170, 13)
INSERT [dbo].[Animals] ([animalID], [name], [gender], [dob], [ownerID], [speciesID]) VALUES (75, N'Buster', N'M', CAST(N'2022-01-24' AS Date), 8, 5)
INSERT [dbo].[Animals] ([animalID], [name], [gender], [dob], [ownerID], [speciesID]) VALUES (76, N'Marley', N'U', CAST(N'2015-03-18' AS Date), 142, 43)
INSERT [dbo].[Animals] ([animalID], [name], [gender], [dob], [ownerID], [speciesID]) VALUES (77, N'Cody', N'M', CAST(N'2016-05-20' AS Date), 211, 7)
INSERT [dbo].[Animals] ([animalID], [name], [gender], [dob], [ownerID], [speciesID]) VALUES (78, N'Cody', N'M', CAST(N'2014-10-24' AS Date), 219, 11)
INSERT [dbo].[Animals] ([animalID], [name], [gender], [dob], [ownerID], [speciesID]) VALUES (79, N'Bruno', N'M', CAST(N'2020-06-28' AS Date), 63, 10)
INSERT [dbo].[Animals] ([animalID], [name], [gender], [dob], [ownerID], [speciesID]) VALUES (80, N'Max', N'M', CAST(N'2017-03-04' AS Date), 176, 51)
INSERT [dbo].[Animals] ([animalID], [name], [gender], [dob], [ownerID], [speciesID]) VALUES (81, N'Jack', N'M', CAST(N'2019-06-25' AS Date), 145, 20)
INSERT [dbo].[Animals] ([animalID], [name], [gender], [dob], [ownerID], [speciesID]) VALUES (82, N'Rex', N'M', CAST(N'2016-05-20' AS Date), 129, 49)
INSERT [dbo].[Animals] ([animalID], [name], [gender], [dob], [ownerID], [speciesID]) VALUES (83, N'Boomer', N'M', CAST(N'2017-02-05' AS Date), 63, 47)
INSERT [dbo].[Animals] ([animalID], [name], [gender], [dob], [ownerID], [speciesID]) VALUES (84, N'Cooper', N'M', CAST(N'2021-06-24' AS Date), 48, 3)
INSERT [dbo].[Animals] ([animalID], [name], [gender], [dob], [ownerID], [speciesID]) VALUES (85, N'George', N'M', CAST(N'2023-09-11' AS Date), 134, 40)
INSERT [dbo].[Animals] ([animalID], [name], [gender], [dob], [ownerID], [speciesID]) VALUES (86, N'Winston', N'M', CAST(N'2021-08-02' AS Date), 166, 52)
INSERT [dbo].[Animals] ([animalID], [name], [gender], [dob], [ownerID], [speciesID]) VALUES (87, N'Sam', N'M', CAST(N'2020-10-25' AS Date), 113, 17)
INSERT [dbo].[Animals] ([animalID], [name], [gender], [dob], [ownerID], [speciesID]) VALUES (88, N'Scooter', N'M', CAST(N'2019-09-08' AS Date), 110, 32)
INSERT [dbo].[Animals] ([animalID], [name], [gender], [dob], [ownerID], [speciesID]) VALUES (89, N'Murphy', N'U', CAST(N'2015-10-20' AS Date), 233, 49)
INSERT [dbo].[Animals] ([animalID], [name], [gender], [dob], [ownerID], [speciesID]) VALUES (90, N'Maggie', N'F', CAST(N'2019-09-20' AS Date), 109, 15)
INSERT [dbo].[Animals] ([animalID], [name], [gender], [dob], [ownerID], [speciesID]) VALUES (91, N'Rocky', N'M', CAST(N'2015-01-25' AS Date), 120, 33)
INSERT [dbo].[Animals] ([animalID], [name], [gender], [dob], [ownerID], [speciesID]) VALUES (92, N'Gizmo', N'M', CAST(N'2016-11-28' AS Date), 45, 44)
INSERT [dbo].[Animals] ([animalID], [name], [gender], [dob], [ownerID], [speciesID]) VALUES (93, N'Bandit', N'M', CAST(N'2014-07-24' AS Date), 93, 13)
INSERT [dbo].[Animals] ([animalID], [name], [gender], [dob], [ownerID], [speciesID]) VALUES (94, N'Bandit', N'M', CAST(N'2017-05-20' AS Date), 21, 32)
INSERT [dbo].[Animals] ([animalID], [name], [gender], [dob], [ownerID], [speciesID]) VALUES (95, N'Lucy', N'F', CAST(N'2019-09-07' AS Date), 138, 30)
INSERT [dbo].[Animals] ([animalID], [name], [gender], [dob], [ownerID], [speciesID]) VALUES (96, N'Cooper', N'M', CAST(N'2020-06-14' AS Date), 25, 18)
INSERT [dbo].[Animals] ([animalID], [name], [gender], [dob], [ownerID], [speciesID]) VALUES (97, N'Sophie', N'F', CAST(N'2019-09-29' AS Date), 110, 39)
INSERT [dbo].[Animals] ([animalID], [name], [gender], [dob], [ownerID], [speciesID]) VALUES (98, N'Buster', N'M', CAST(N'2015-09-25' AS Date), 241, 39)
INSERT [dbo].[Animals] ([animalID], [name], [gender], [dob], [ownerID], [speciesID]) VALUES (99, N'Buster', N'M', CAST(N'2018-05-12' AS Date), 45, 4)
INSERT [dbo].[Animals] ([animalID], [name], [gender], [dob], [ownerID], [speciesID]) VALUES (100, N'Simba', N'M', CAST(N'2015-01-04' AS Date), 84, 28)
GO
INSERT [dbo].[Animals] ([animalID], [name], [gender], [dob], [ownerID], [speciesID]) VALUES (101, N'Buster', N'M', CAST(N'2022-04-06' AS Date), 16, 34)
INSERT [dbo].[Animals] ([animalID], [name], [gender], [dob], [ownerID], [speciesID]) VALUES (102, N'Lily', N'F', CAST(N'2021-12-07' AS Date), 16, 57)
INSERT [dbo].[Animals] ([animalID], [name], [gender], [dob], [ownerID], [speciesID]) VALUES (103, N'Max', N'M', CAST(N'2019-06-05' AS Date), 231, 60)
INSERT [dbo].[Animals] ([animalID], [name], [gender], [dob], [ownerID], [speciesID]) VALUES (104, N'Smokey', N'M', CAST(N'2023-04-26' AS Date), 16, 57)
INSERT [dbo].[Animals] ([animalID], [name], [gender], [dob], [ownerID], [speciesID]) VALUES (105, N'Chloe', N'F', CAST(N'2019-10-29' AS Date), 76, 100)
INSERT [dbo].[Animals] ([animalID], [name], [gender], [dob], [ownerID], [speciesID]) VALUES (106, N'Luna', N'F', CAST(N'2019-12-07' AS Date), 61, 68)
INSERT [dbo].[Animals] ([animalID], [name], [gender], [dob], [ownerID], [speciesID]) VALUES (107, N'Sadie', N'F', CAST(N'2023-01-14' AS Date), 203, 63)
INSERT [dbo].[Animals] ([animalID], [name], [gender], [dob], [ownerID], [speciesID]) VALUES (108, N'Lucy', N'F', CAST(N'2021-06-28' AS Date), 25, 97)
INSERT [dbo].[Animals] ([animalID], [name], [gender], [dob], [ownerID], [speciesID]) VALUES (109, N'Callie', N'F', CAST(N'2016-03-26' AS Date), 108, 79)
INSERT [dbo].[Animals] ([animalID], [name], [gender], [dob], [ownerID], [speciesID]) VALUES (110, N'Kitty', N'U', CAST(N'2023-02-07' AS Date), 64, 99)
INSERT [dbo].[Animals] ([animalID], [name], [gender], [dob], [ownerID], [speciesID]) VALUES (111, N'Smokey', N'M', CAST(N'2015-01-25' AS Date), 106, 90)
INSERT [dbo].[Animals] ([animalID], [name], [gender], [dob], [ownerID], [speciesID]) VALUES (112, N'Nala', N'F', CAST(N'2017-06-23' AS Date), 78, 71)
INSERT [dbo].[Animals] ([animalID], [name], [gender], [dob], [ownerID], [speciesID]) VALUES (113, N'Princess', N'F', CAST(N'2021-06-12' AS Date), 93, 95)
INSERT [dbo].[Animals] ([animalID], [name], [gender], [dob], [ownerID], [speciesID]) VALUES (114, N'Emma', N'F', CAST(N'2020-11-03' AS Date), 75, 69)
INSERT [dbo].[Animals] ([animalID], [name], [gender], [dob], [ownerID], [speciesID]) VALUES (115, N'Lily', N'F', CAST(N'2019-10-03' AS Date), 81, 82)
INSERT [dbo].[Animals] ([animalID], [name], [gender], [dob], [ownerID], [speciesID]) VALUES (116, N'Muffin', N'F', CAST(N'2014-09-16' AS Date), 17, 74)
INSERT [dbo].[Animals] ([animalID], [name], [gender], [dob], [ownerID], [speciesID]) VALUES (117, N'Gracie', N'F', CAST(N'2016-05-09' AS Date), 86, 65)
INSERT [dbo].[Animals] ([animalID], [name], [gender], [dob], [ownerID], [speciesID]) VALUES (118, N'Simba', N'M', CAST(N'2019-10-26' AS Date), 135, 73)
INSERT [dbo].[Animals] ([animalID], [name], [gender], [dob], [ownerID], [speciesID]) VALUES (119, N'Rosie', N'F', CAST(N'2018-01-18' AS Date), 141, 93)
INSERT [dbo].[Animals] ([animalID], [name], [gender], [dob], [ownerID], [speciesID]) VALUES (120, N'Rosie', N'F', CAST(N'2019-03-30' AS Date), 33, 66)
INSERT [dbo].[Animals] ([animalID], [name], [gender], [dob], [ownerID], [speciesID]) VALUES (121, N'Cleo', N'F', CAST(N'2022-09-03' AS Date), 168, 59)
INSERT [dbo].[Animals] ([animalID], [name], [gender], [dob], [ownerID], [speciesID]) VALUES (122, N'Sophie', N'F', CAST(N'2021-06-14' AS Date), 3, 79)
INSERT [dbo].[Animals] ([animalID], [name], [gender], [dob], [ownerID], [speciesID]) VALUES (123, N'Callie', N'F', CAST(N'2023-04-19' AS Date), 2, 79)
INSERT [dbo].[Animals] ([animalID], [name], [gender], [dob], [ownerID], [speciesID]) VALUES (124, N'Charlie', N'M', CAST(N'2014-09-29' AS Date), 96, 73)
INSERT [dbo].[Animals] ([animalID], [name], [gender], [dob], [ownerID], [speciesID]) VALUES (125, N'Tom', N'M', CAST(N'2015-08-27' AS Date), 48, 101)
INSERT [dbo].[Animals] ([animalID], [name], [gender], [dob], [ownerID], [speciesID]) VALUES (126, N'Max', N'M', CAST(N'2015-07-19' AS Date), 187, 73)
INSERT [dbo].[Animals] ([animalID], [name], [gender], [dob], [ownerID], [speciesID]) VALUES (127, N'Willow', N'F', CAST(N'2017-07-21' AS Date), 175, 97)
INSERT [dbo].[Animals] ([animalID], [name], [gender], [dob], [ownerID], [speciesID]) VALUES (128, N'Sophie', N'F', CAST(N'2018-05-23' AS Date), 45, 63)
INSERT [dbo].[Animals] ([animalID], [name], [gender], [dob], [ownerID], [speciesID]) VALUES (129, N'Emma', N'F', CAST(N'2020-11-05' AS Date), 190, 56)
INSERT [dbo].[Animals] ([animalID], [name], [gender], [dob], [ownerID], [speciesID]) VALUES (130, N'Jasmine', N'F', CAST(N'2017-12-02' AS Date), 54, 89)
INSERT [dbo].[Animals] ([animalID], [name], [gender], [dob], [ownerID], [speciesID]) VALUES (131, N'Charlie', N'M', CAST(N'2016-06-01' AS Date), 243, 100)
INSERT [dbo].[Animals] ([animalID], [name], [gender], [dob], [ownerID], [speciesID]) VALUES (132, N'Zoe', N'F', CAST(N'2016-10-30' AS Date), 228, 87)
INSERT [dbo].[Animals] ([animalID], [name], [gender], [dob], [ownerID], [speciesID]) VALUES (133, N'Callie', N'F', CAST(N'2023-07-20' AS Date), 114, 75)
INSERT [dbo].[Animals] ([animalID], [name], [gender], [dob], [ownerID], [speciesID]) VALUES (134, N'Luna', N'F', CAST(N'2023-11-06' AS Date), 148, 74)
INSERT [dbo].[Animals] ([animalID], [name], [gender], [dob], [ownerID], [speciesID]) VALUES (135, N'Charlie', N'M', CAST(N'2021-03-17' AS Date), 185, 94)
INSERT [dbo].[Animals] ([animalID], [name], [gender], [dob], [ownerID], [speciesID]) VALUES (136, N'Emma', N'F', CAST(N'2021-07-26' AS Date), 112, 74)
INSERT [dbo].[Animals] ([animalID], [name], [gender], [dob], [ownerID], [speciesID]) VALUES (137, N'Cali', N'F', CAST(N'2019-10-16' AS Date), 78, 86)
INSERT [dbo].[Animals] ([animalID], [name], [gender], [dob], [ownerID], [speciesID]) VALUES (138, N'Maggie', N'F', CAST(N'2014-07-22' AS Date), 81, 66)
INSERT [dbo].[Animals] ([animalID], [name], [gender], [dob], [ownerID], [speciesID]) VALUES (139, N'Chloe', N'F', CAST(N'2015-04-17' AS Date), 46, 53)
INSERT [dbo].[Animals] ([animalID], [name], [gender], [dob], [ownerID], [speciesID]) VALUES (140, N'Luna', N'F', CAST(N'2023-04-14' AS Date), 110, 59)
INSERT [dbo].[Animals] ([animalID], [name], [gender], [dob], [ownerID], [speciesID]) VALUES (141, N'Phoebe', N'F', CAST(N'2016-10-05' AS Date), 202, 63)
INSERT [dbo].[Animals] ([animalID], [name], [gender], [dob], [ownerID], [speciesID]) VALUES (142, N'Molly', N'F', CAST(N'2020-02-25' AS Date), 68, 54)
INSERT [dbo].[Animals] ([animalID], [name], [gender], [dob], [ownerID], [speciesID]) VALUES (143, N'Princess', N'F', CAST(N'2019-06-27' AS Date), 146, 92)
INSERT [dbo].[Animals] ([animalID], [name], [gender], [dob], [ownerID], [speciesID]) VALUES (144, N'Lucy', N'F', CAST(N'2019-05-10' AS Date), 241, 60)
INSERT [dbo].[Animals] ([animalID], [name], [gender], [dob], [ownerID], [speciesID]) VALUES (145, N'Charlie', N'M', CAST(N'2019-12-15' AS Date), 65, 71)
INSERT [dbo].[Animals] ([animalID], [name], [gender], [dob], [ownerID], [speciesID]) VALUES (146, N'Charlie', N'M', CAST(N'2016-01-18' AS Date), 106, 60)
INSERT [dbo].[Animals] ([animalID], [name], [gender], [dob], [ownerID], [speciesID]) VALUES (147, N'Mimi', N'F', CAST(N'2020-08-19' AS Date), 145, 80)
INSERT [dbo].[Animals] ([animalID], [name], [gender], [dob], [ownerID], [speciesID]) VALUES (148, N'Luna', N'F', CAST(N'2023-08-17' AS Date), 85, 86)
INSERT [dbo].[Animals] ([animalID], [name], [gender], [dob], [ownerID], [speciesID]) VALUES (149, N'Daisy', N'F', CAST(N'2019-02-14' AS Date), 172, 87)
INSERT [dbo].[Animals] ([animalID], [name], [gender], [dob], [ownerID], [speciesID]) VALUES (150, N'Rosie', N'F', CAST(N'2014-07-17' AS Date), 13, 58)
INSERT [dbo].[Animals] ([animalID], [name], [gender], [dob], [ownerID], [speciesID]) VALUES (151, N'Daisy', N'F', CAST(N'2020-10-31' AS Date), 69, 58)
INSERT [dbo].[Animals] ([animalID], [name], [gender], [dob], [ownerID], [speciesID]) VALUES (152, N'Chloe', N'F', CAST(N'2017-12-27' AS Date), 81, 86)
INSERT [dbo].[Animals] ([animalID], [name], [gender], [dob], [ownerID], [speciesID]) VALUES (153, N'Felix', N'M', CAST(N'2020-12-21' AS Date), 179, 91)
INSERT [dbo].[Animals] ([animalID], [name], [gender], [dob], [ownerID], [speciesID]) VALUES (154, N'Muffin', N'F', CAST(N'2021-01-04' AS Date), 134, 60)
INSERT [dbo].[Animals] ([animalID], [name], [gender], [dob], [ownerID], [speciesID]) VALUES (155, N'Simba', N'M', CAST(N'2020-02-20' AS Date), 142, 80)
INSERT [dbo].[Animals] ([animalID], [name], [gender], [dob], [ownerID], [speciesID]) VALUES (156, N'Zoe', N'F', CAST(N'2022-07-09' AS Date), 81, 55)
INSERT [dbo].[Animals] ([animalID], [name], [gender], [dob], [ownerID], [speciesID]) VALUES (157, N'Shadow', N'U', CAST(N'2017-04-15' AS Date), 177, 86)
INSERT [dbo].[Animals] ([animalID], [name], [gender], [dob], [ownerID], [speciesID]) VALUES (158, N'Tom', N'M', CAST(N'2017-03-06' AS Date), 18, 60)
INSERT [dbo].[Animals] ([animalID], [name], [gender], [dob], [ownerID], [speciesID]) VALUES (159, N'Molly', N'F', CAST(N'2020-03-25' AS Date), 78, 88)
INSERT [dbo].[Animals] ([animalID], [name], [gender], [dob], [ownerID], [speciesID]) VALUES (160, N'Sadie', N'F', CAST(N'2014-06-05' AS Date), 7, 67)
INSERT [dbo].[Animals] ([animalID], [name], [gender], [dob], [ownerID], [speciesID]) VALUES (161, N'Luna', N'F', CAST(N'2020-01-28' AS Date), 125, 82)
INSERT [dbo].[Animals] ([animalID], [name], [gender], [dob], [ownerID], [speciesID]) VALUES (162, N'Tom', N'M', CAST(N'2023-06-19' AS Date), 211, 75)
INSERT [dbo].[Animals] ([animalID], [name], [gender], [dob], [ownerID], [speciesID]) VALUES (163, N'Pepper', N'F', CAST(N'2015-11-09' AS Date), 177, 57)
INSERT [dbo].[Animals] ([animalID], [name], [gender], [dob], [ownerID], [speciesID]) VALUES (164, N'Pepper', N'F', CAST(N'2023-07-10' AS Date), 98, 60)
INSERT [dbo].[Animals] ([animalID], [name], [gender], [dob], [ownerID], [speciesID]) VALUES (165, N'Sassy', N'F', CAST(N'2023-06-11' AS Date), 129, 94)
INSERT [dbo].[Animals] ([animalID], [name], [gender], [dob], [ownerID], [speciesID]) VALUES (166, N'Muffin', N'F', CAST(N'2016-12-22' AS Date), 80, 68)
INSERT [dbo].[Animals] ([animalID], [name], [gender], [dob], [ownerID], [speciesID]) VALUES (167, N'Mimi', N'F', CAST(N'2018-05-06' AS Date), 36, 65)
INSERT [dbo].[Animals] ([animalID], [name], [gender], [dob], [ownerID], [speciesID]) VALUES (168, N'Luna', N'F', CAST(N'2016-09-22' AS Date), 52, 66)
INSERT [dbo].[Animals] ([animalID], [name], [gender], [dob], [ownerID], [speciesID]) VALUES (169, N'Sadie', N'F', CAST(N'2022-02-18' AS Date), 188, 89)
INSERT [dbo].[Animals] ([animalID], [name], [gender], [dob], [ownerID], [speciesID]) VALUES (170, N'Sadie', N'F', CAST(N'2019-08-05' AS Date), 113, 97)
INSERT [dbo].[Animals] ([animalID], [name], [gender], [dob], [ownerID], [speciesID]) VALUES (171, N'Angel', N'U', CAST(N'2022-06-16' AS Date), 182, 84)
INSERT [dbo].[Animals] ([animalID], [name], [gender], [dob], [ownerID], [speciesID]) VALUES (172, N'Rosie', N'F', CAST(N'2021-11-08' AS Date), 107, 67)
INSERT [dbo].[Animals] ([animalID], [name], [gender], [dob], [ownerID], [speciesID]) VALUES (173, N'Smokey', N'M', CAST(N'2020-12-20' AS Date), 182, 98)
INSERT [dbo].[Animals] ([animalID], [name], [gender], [dob], [ownerID], [speciesID]) VALUES (174, N'Emma', N'F', CAST(N'2016-09-29' AS Date), 135, 57)
INSERT [dbo].[Animals] ([animalID], [name], [gender], [dob], [ownerID], [speciesID]) VALUES (175, N'Mimi', N'F', CAST(N'2014-09-11' AS Date), 195, 66)
INSERT [dbo].[Animals] ([animalID], [name], [gender], [dob], [ownerID], [speciesID]) VALUES (176, N'Mittens', N'U', CAST(N'2017-10-10' AS Date), 71, 81)
INSERT [dbo].[Animals] ([animalID], [name], [gender], [dob], [ownerID], [speciesID]) VALUES (177, N'Daisy', N'F', CAST(N'2016-08-15' AS Date), 43, 56)
INSERT [dbo].[Animals] ([animalID], [name], [gender], [dob], [ownerID], [speciesID]) VALUES (178, N'Willow', N'F', CAST(N'2021-05-26' AS Date), 16, 67)
INSERT [dbo].[Animals] ([animalID], [name], [gender], [dob], [ownerID], [speciesID]) VALUES (179, N'Tom', N'M', CAST(N'2017-11-17' AS Date), 57, 79)
INSERT [dbo].[Animals] ([animalID], [name], [gender], [dob], [ownerID], [speciesID]) VALUES (180, N'Pepper', N'F', CAST(N'2019-08-29' AS Date), 227, 82)
INSERT [dbo].[Animals] ([animalID], [name], [gender], [dob], [ownerID], [speciesID]) VALUES (181, N'Sadie', N'F', CAST(N'2014-10-25' AS Date), 16, 77)
INSERT [dbo].[Animals] ([animalID], [name], [gender], [dob], [ownerID], [speciesID]) VALUES (182, N'Kitty', N'U', CAST(N'2023-10-13' AS Date), 49, 100)
INSERT [dbo].[Animals] ([animalID], [name], [gender], [dob], [ownerID], [speciesID]) VALUES (183, N'Salem', N'M', CAST(N'2014-08-20' AS Date), 244, 102)
INSERT [dbo].[Animals] ([animalID], [name], [gender], [dob], [ownerID], [speciesID]) VALUES (184, N'Daisy', N'F', CAST(N'2017-11-08' AS Date), 136, 73)
INSERT [dbo].[Animals] ([animalID], [name], [gender], [dob], [ownerID], [speciesID]) VALUES (185, N'Maggie', N'F', CAST(N'2016-03-21' AS Date), 182, 55)
INSERT [dbo].[Animals] ([animalID], [name], [gender], [dob], [ownerID], [speciesID]) VALUES (186, N'Rosie', N'F', CAST(N'2021-11-16' AS Date), 3, 77)
INSERT [dbo].[Animals] ([animalID], [name], [gender], [dob], [ownerID], [speciesID]) VALUES (187, N'Zoe', N'F', CAST(N'2023-04-17' AS Date), 92, 69)
INSERT [dbo].[Animals] ([animalID], [name], [gender], [dob], [ownerID], [speciesID]) VALUES (188, N'Tom', N'M', CAST(N'2020-09-29' AS Date), 146, 98)
INSERT [dbo].[Animals] ([animalID], [name], [gender], [dob], [ownerID], [speciesID]) VALUES (189, N'Shadow', N'U', CAST(N'2023-09-28' AS Date), 168, 98)
INSERT [dbo].[Animals] ([animalID], [name], [gender], [dob], [ownerID], [speciesID]) VALUES (190, N'Nala', N'F', CAST(N'2021-09-09' AS Date), 210, 69)
INSERT [dbo].[Animals] ([animalID], [name], [gender], [dob], [ownerID], [speciesID]) VALUES (191, N'Charlie', N'M', CAST(N'2016-07-08' AS Date), 42, 91)
INSERT [dbo].[Animals] ([animalID], [name], [gender], [dob], [ownerID], [speciesID]) VALUES (192, N'Phoebe', N'F', CAST(N'2014-07-07' AS Date), 135, 67)
INSERT [dbo].[Animals] ([animalID], [name], [gender], [dob], [ownerID], [speciesID]) VALUES (193, N'Charlie', N'M', CAST(N'2019-09-10' AS Date), 218, 79)
INSERT [dbo].[Animals] ([animalID], [name], [gender], [dob], [ownerID], [speciesID]) VALUES (194, N'Misty', N'F', CAST(N'2015-03-26' AS Date), 4, 64)
INSERT [dbo].[Animals] ([animalID], [name], [gender], [dob], [ownerID], [speciesID]) VALUES (195, N'Mimi', N'F', CAST(N'2015-01-13' AS Date), 125, 100)
INSERT [dbo].[Animals] ([animalID], [name], [gender], [dob], [ownerID], [speciesID]) VALUES (196, N'Rosie', N'F', CAST(N'2018-12-25' AS Date), 129, 92)
INSERT [dbo].[Animals] ([animalID], [name], [gender], [dob], [ownerID], [speciesID]) VALUES (197, N'Tom', N'M', CAST(N'2024-02-26' AS Date), 149, 86)
INSERT [dbo].[Animals] ([animalID], [name], [gender], [dob], [ownerID], [speciesID]) VALUES (198, N'Zoe', N'F', CAST(N'2016-07-30' AS Date), 234, 57)
INSERT [dbo].[Animals] ([animalID], [name], [gender], [dob], [ownerID], [speciesID]) VALUES (199, N'Princess', N'F', CAST(N'2022-02-17' AS Date), 135, 54)
INSERT [dbo].[Animals] ([animalID], [name], [gender], [dob], [ownerID], [speciesID]) VALUES (200, N'Rosie', N'F', CAST(N'2022-05-02' AS Date), 151, 99)
GO
INSERT [dbo].[Animals] ([animalID], [name], [gender], [dob], [ownerID], [speciesID]) VALUES (201, N'Leo', N'M', CAST(N'2021-05-26' AS Date), 129, 96)
INSERT [dbo].[Animals] ([animalID], [name], [gender], [dob], [ownerID], [speciesID]) VALUES (202, N'Gracie', N'F', CAST(N'2023-02-27' AS Date), 112, 61)
INSERT [dbo].[Animals] ([animalID], [name], [gender], [dob], [ownerID], [speciesID]) VALUES (203, N'Charlie', N'M', CAST(N'2014-12-21' AS Date), 19, 63)
INSERT [dbo].[Animals] ([animalID], [name], [gender], [dob], [ownerID], [speciesID]) VALUES (204, N'Zoe', N'F', CAST(N'2015-10-25' AS Date), 222, 73)
INSERT [dbo].[Animals] ([animalID], [name], [gender], [dob], [ownerID], [speciesID]) VALUES (205, N'Max', N'M', CAST(N'2022-11-24' AS Date), 99, 89)
INSERT [dbo].[Animals] ([animalID], [name], [gender], [dob], [ownerID], [speciesID]) VALUES (206, N'Sophie', N'F', CAST(N'2019-03-11' AS Date), 199, 55)
INSERT [dbo].[Animals] ([animalID], [name], [gender], [dob], [ownerID], [speciesID]) VALUES (207, N'Misty', N'F', CAST(N'2019-04-26' AS Date), 51, 85)
INSERT [dbo].[Animals] ([animalID], [name], [gender], [dob], [ownerID], [speciesID]) VALUES (208, N'Willow', N'F', CAST(N'2017-11-20' AS Date), 104, 87)
INSERT [dbo].[Animals] ([animalID], [name], [gender], [dob], [ownerID], [speciesID]) VALUES (209, N'Bella', N'F', CAST(N'2018-02-24' AS Date), 24, 97)
INSERT [dbo].[Animals] ([animalID], [name], [gender], [dob], [ownerID], [speciesID]) VALUES (210, N'Bella', N'F', CAST(N'2021-12-29' AS Date), 65, 71)
INSERT [dbo].[Animals] ([animalID], [name], [gender], [dob], [ownerID], [speciesID]) VALUES (211, N'Emma', N'F', CAST(N'2017-01-11' AS Date), 186, 92)
INSERT [dbo].[Animals] ([animalID], [name], [gender], [dob], [ownerID], [speciesID]) VALUES (212, N'Emma', N'F', CAST(N'2020-04-14' AS Date), 11, 62)
INSERT [dbo].[Animals] ([animalID], [name], [gender], [dob], [ownerID], [speciesID]) VALUES (213, N'Luna', N'F', CAST(N'2024-01-09' AS Date), 60, 98)
INSERT [dbo].[Animals] ([animalID], [name], [gender], [dob], [ownerID], [speciesID]) VALUES (214, N'Mittens', N'U', CAST(N'2023-08-05' AS Date), 3, 101)
INSERT [dbo].[Animals] ([animalID], [name], [gender], [dob], [ownerID], [speciesID]) VALUES (215, N'Oreo', N'U', CAST(N'2019-02-17' AS Date), 52, 100)
INSERT [dbo].[Animals] ([animalID], [name], [gender], [dob], [ownerID], [speciesID]) VALUES (216, N'Oliver', N'M', CAST(N'2015-10-05' AS Date), 165, 93)
INSERT [dbo].[Animals] ([animalID], [name], [gender], [dob], [ownerID], [speciesID]) VALUES (217, N'Sophie', N'F', CAST(N'2015-06-18' AS Date), 93, 62)
INSERT [dbo].[Animals] ([animalID], [name], [gender], [dob], [ownerID], [speciesID]) VALUES (218, N'Leo', N'M', CAST(N'2019-12-18' AS Date), 47, 59)
INSERT [dbo].[Animals] ([animalID], [name], [gender], [dob], [ownerID], [speciesID]) VALUES (219, N'Misty', N'F', CAST(N'2020-06-03' AS Date), 45, 75)
INSERT [dbo].[Animals] ([animalID], [name], [gender], [dob], [ownerID], [speciesID]) VALUES (220, N'Nala', N'F', CAST(N'2023-10-18' AS Date), 105, 78)
INSERT [dbo].[Animals] ([animalID], [name], [gender], [dob], [ownerID], [speciesID]) VALUES (221, N'Luna', N'F', CAST(N'2015-09-18' AS Date), 87, 85)
INSERT [dbo].[Animals] ([animalID], [name], [gender], [dob], [ownerID], [speciesID]) VALUES (222, N'Emma', N'F', CAST(N'2017-06-27' AS Date), 71, 66)
INSERT [dbo].[Animals] ([animalID], [name], [gender], [dob], [ownerID], [speciesID]) VALUES (223, N'Maggie', N'F', CAST(N'2019-12-17' AS Date), 238, 90)
INSERT [dbo].[Animals] ([animalID], [name], [gender], [dob], [ownerID], [speciesID]) VALUES (224, N'Jasmine', N'F', CAST(N'2022-12-21' AS Date), 130, 90)
INSERT [dbo].[Animals] ([animalID], [name], [gender], [dob], [ownerID], [speciesID]) VALUES (225, N'Misty', N'F', CAST(N'2023-12-27' AS Date), 65, 64)
INSERT [dbo].[Animals] ([animalID], [name], [gender], [dob], [ownerID], [speciesID]) VALUES (226, N'Mimi', N'F', CAST(N'2021-07-28' AS Date), 222, 100)
INSERT [dbo].[Animals] ([animalID], [name], [gender], [dob], [ownerID], [speciesID]) VALUES (227, N'Molly', N'F', CAST(N'2019-07-22' AS Date), 54, 65)
INSERT [dbo].[Animals] ([animalID], [name], [gender], [dob], [ownerID], [speciesID]) VALUES (228, N'Lily', N'F', CAST(N'2020-07-31' AS Date), 190, 79)
INSERT [dbo].[Animals] ([animalID], [name], [gender], [dob], [ownerID], [speciesID]) VALUES (229, N'Rosie', N'F', CAST(N'2021-06-16' AS Date), 186, 69)
INSERT [dbo].[Animals] ([animalID], [name], [gender], [dob], [ownerID], [speciesID]) VALUES (230, N'Oliver', N'M', CAST(N'2020-02-22' AS Date), 23, 79)
INSERT [dbo].[Animals] ([animalID], [name], [gender], [dob], [ownerID], [speciesID]) VALUES (231, N'Willow', N'F', CAST(N'2022-10-02' AS Date), 127, 76)
INSERT [dbo].[Animals] ([animalID], [name], [gender], [dob], [ownerID], [speciesID]) VALUES (232, N'Chloe', N'F', CAST(N'2022-12-16' AS Date), 151, 91)
INSERT [dbo].[Animals] ([animalID], [name], [gender], [dob], [ownerID], [speciesID]) VALUES (233, N'Sadie', N'F', CAST(N'2021-10-18' AS Date), 66, 58)
INSERT [dbo].[Animals] ([animalID], [name], [gender], [dob], [ownerID], [speciesID]) VALUES (234, N'Kitty', N'U', CAST(N'2017-05-19' AS Date), 128, 73)
INSERT [dbo].[Animals] ([animalID], [name], [gender], [dob], [ownerID], [speciesID]) VALUES (235, N'Simba', N'M', CAST(N'2015-09-16' AS Date), 178, 71)
INSERT [dbo].[Animals] ([animalID], [name], [gender], [dob], [ownerID], [speciesID]) VALUES (236, N'Nala', N'F', CAST(N'2016-01-12' AS Date), 139, 95)
INSERT [dbo].[Animals] ([animalID], [name], [gender], [dob], [ownerID], [speciesID]) VALUES (237, N'Maggie', N'F', CAST(N'2014-06-16' AS Date), 67, 67)
INSERT [dbo].[Animals] ([animalID], [name], [gender], [dob], [ownerID], [speciesID]) VALUES (238, N'Felix', N'M', CAST(N'2019-04-14' AS Date), 215, 90)
INSERT [dbo].[Animals] ([animalID], [name], [gender], [dob], [ownerID], [speciesID]) VALUES (239, N'Misty', N'F', CAST(N'2014-04-05' AS Date), 117, 83)
INSERT [dbo].[Animals] ([animalID], [name], [gender], [dob], [ownerID], [speciesID]) VALUES (240, N'Rosie', N'F', CAST(N'2015-10-24' AS Date), 57, 97)
INSERT [dbo].[Animals] ([animalID], [name], [gender], [dob], [ownerID], [speciesID]) VALUES (241, N'Pepper', N'F', CAST(N'2017-12-15' AS Date), 187, 64)
INSERT [dbo].[Animals] ([animalID], [name], [gender], [dob], [ownerID], [speciesID]) VALUES (242, N'Tom', N'M', CAST(N'2023-06-19' AS Date), 232, 83)
INSERT [dbo].[Animals] ([animalID], [name], [gender], [dob], [ownerID], [speciesID]) VALUES (243, N'Tom', N'M', CAST(N'2020-04-14' AS Date), 221, 97)
INSERT [dbo].[Animals] ([animalID], [name], [gender], [dob], [ownerID], [speciesID]) VALUES (244, N'Callie', N'F', CAST(N'2020-03-08' AS Date), 139, 77)
INSERT [dbo].[Animals] ([animalID], [name], [gender], [dob], [ownerID], [speciesID]) VALUES (245, N'Max', N'M', CAST(N'2022-09-07' AS Date), 222, 100)
INSERT [dbo].[Animals] ([animalID], [name], [gender], [dob], [ownerID], [speciesID]) VALUES (246, N'Luna', N'F', CAST(N'2018-06-25' AS Date), 92, 88)
INSERT [dbo].[Animals] ([animalID], [name], [gender], [dob], [ownerID], [speciesID]) VALUES (247, N'Max', N'M', CAST(N'2023-05-22' AS Date), 141, 81)
INSERT [dbo].[Animals] ([animalID], [name], [gender], [dob], [ownerID], [speciesID]) VALUES (248, N'Princess', N'F', CAST(N'2016-11-11' AS Date), 76, 62)
INSERT [dbo].[Animals] ([animalID], [name], [gender], [dob], [ownerID], [speciesID]) VALUES (249, N'Charlie', N'M', CAST(N'2018-10-04' AS Date), 192, 95)
INSERT [dbo].[Animals] ([animalID], [name], [gender], [dob], [ownerID], [speciesID]) VALUES (250, N'Salem', N'M', CAST(N'2019-05-09' AS Date), 83, 56)
INSERT [dbo].[Animals] ([animalID], [name], [gender], [dob], [ownerID], [speciesID]) VALUES (251, N'Luna', N'F', CAST(N'2016-08-16' AS Date), 35, 96)
INSERT [dbo].[Animals] ([animalID], [name], [gender], [dob], [ownerID], [speciesID]) VALUES (252, N'Luna', N'F', CAST(N'2014-04-25' AS Date), 142, 82)
INSERT [dbo].[Animals] ([animalID], [name], [gender], [dob], [ownerID], [speciesID]) VALUES (253, N'Misty', N'F', CAST(N'2022-04-21' AS Date), 57, 96)
INSERT [dbo].[Animals] ([animalID], [name], [gender], [dob], [ownerID], [speciesID]) VALUES (254, N'Phoebe', N'F', CAST(N'2014-06-24' AS Date), 200, 59)
INSERT [dbo].[Animals] ([animalID], [name], [gender], [dob], [ownerID], [speciesID]) VALUES (255, N'Smokey', N'M', CAST(N'2015-11-12' AS Date), 20, 79)
INSERT [dbo].[Animals] ([animalID], [name], [gender], [dob], [ownerID], [speciesID]) VALUES (256, N'Smokey', N'M', CAST(N'2018-12-31' AS Date), 12, 63)
INSERT [dbo].[Animals] ([animalID], [name], [gender], [dob], [ownerID], [speciesID]) VALUES (257, N'Cali', N'F', CAST(N'2015-03-30' AS Date), 183, 102)
INSERT [dbo].[Animals] ([animalID], [name], [gender], [dob], [ownerID], [speciesID]) VALUES (258, N'Boots', N'U', CAST(N'2021-04-21' AS Date), 174, 68)
INSERT [dbo].[Animals] ([animalID], [name], [gender], [dob], [ownerID], [speciesID]) VALUES (259, N'Tiger', N'M', CAST(N'2020-12-30' AS Date), 165, 53)
INSERT [dbo].[Animals] ([animalID], [name], [gender], [dob], [ownerID], [speciesID]) VALUES (260, N'Cali', N'F', CAST(N'2018-12-10' AS Date), 87, 61)
INSERT [dbo].[Animals] ([animalID], [name], [gender], [dob], [ownerID], [speciesID]) VALUES (261, N'Boots', N'U', CAST(N'2023-12-19' AS Date), 223, 62)
INSERT [dbo].[Animals] ([animalID], [name], [gender], [dob], [ownerID], [speciesID]) VALUES (262, N'Tiger', N'M', CAST(N'2019-02-21' AS Date), 41, 96)
INSERT [dbo].[Animals] ([animalID], [name], [gender], [dob], [ownerID], [speciesID]) VALUES (263, N'Boots', N'U', CAST(N'2023-08-13' AS Date), 31, 58)
INSERT [dbo].[Animals] ([animalID], [name], [gender], [dob], [ownerID], [speciesID]) VALUES (264, N'Sophie', N'F', CAST(N'2018-09-24' AS Date), 239, 61)
INSERT [dbo].[Animals] ([animalID], [name], [gender], [dob], [ownerID], [speciesID]) VALUES (265, N'Chloe', N'F', CAST(N'2014-05-25' AS Date), 242, 94)
INSERT [dbo].[Animals] ([animalID], [name], [gender], [dob], [ownerID], [speciesID]) VALUES (266, N'Phoebe', N'F', CAST(N'2019-09-02' AS Date), 190, 56)
INSERT [dbo].[Animals] ([animalID], [name], [gender], [dob], [ownerID], [speciesID]) VALUES (267, N'Felix', N'M', CAST(N'2024-02-07' AS Date), 204, 85)
INSERT [dbo].[Animals] ([animalID], [name], [gender], [dob], [ownerID], [speciesID]) VALUES (268, N'Princess', N'F', CAST(N'2019-10-10' AS Date), 29, 68)
INSERT [dbo].[Animals] ([animalID], [name], [gender], [dob], [ownerID], [speciesID]) VALUES (269, N'Leo', N'M', CAST(N'2021-03-05' AS Date), 46, 99)
INSERT [dbo].[Animals] ([animalID], [name], [gender], [dob], [ownerID], [speciesID]) VALUES (270, N'Cali', N'F', CAST(N'2017-09-23' AS Date), 182, 98)
INSERT [dbo].[Animals] ([animalID], [name], [gender], [dob], [ownerID], [speciesID]) VALUES (271, N'Lily', N'F', CAST(N'2015-04-03' AS Date), 209, 82)
INSERT [dbo].[Animals] ([animalID], [name], [gender], [dob], [ownerID], [speciesID]) VALUES (272, N'Nala', N'F', CAST(N'2024-02-14' AS Date), 126, 60)
INSERT [dbo].[Animals] ([animalID], [name], [gender], [dob], [ownerID], [speciesID]) VALUES (273, N'Maggie', N'F', CAST(N'2014-10-26' AS Date), 203, 82)
INSERT [dbo].[Animals] ([animalID], [name], [gender], [dob], [ownerID], [speciesID]) VALUES (274, N'Kitty', N'U', CAST(N'2014-09-19' AS Date), 226, 66)
INSERT [dbo].[Animals] ([animalID], [name], [gender], [dob], [ownerID], [speciesID]) VALUES (275, N'Princess', N'F', CAST(N'2018-10-21' AS Date), 36, 59)
INSERT [dbo].[Animals] ([animalID], [name], [gender], [dob], [ownerID], [speciesID]) VALUES (276, N'Zoe', N'F', CAST(N'2022-04-26' AS Date), 218, 64)
INSERT [dbo].[Animals] ([animalID], [name], [gender], [dob], [ownerID], [speciesID]) VALUES (277, N'Sophie', N'F', CAST(N'2023-08-31' AS Date), 181, 61)
INSERT [dbo].[Animals] ([animalID], [name], [gender], [dob], [ownerID], [speciesID]) VALUES (278, N'Cleo', N'F', CAST(N'2017-05-20' AS Date), 106, 64)
INSERT [dbo].[Animals] ([animalID], [name], [gender], [dob], [ownerID], [speciesID]) VALUES (279, N'Emma', N'F', CAST(N'2019-06-16' AS Date), 50, 67)
INSERT [dbo].[Animals] ([animalID], [name], [gender], [dob], [ownerID], [speciesID]) VALUES (280, N'Cali', N'F', CAST(N'2018-05-06' AS Date), 44, 79)
INSERT [dbo].[Animals] ([animalID], [name], [gender], [dob], [ownerID], [speciesID]) VALUES (281, N'Pepper', N'F', CAST(N'2019-01-02' AS Date), 34, 72)
INSERT [dbo].[Animals] ([animalID], [name], [gender], [dob], [ownerID], [speciesID]) VALUES (282, N'Jasmine', N'F', CAST(N'2015-08-08' AS Date), 3, 97)
INSERT [dbo].[Animals] ([animalID], [name], [gender], [dob], [ownerID], [speciesID]) VALUES (283, N'Tom', N'M', CAST(N'2014-08-17' AS Date), 196, 81)
INSERT [dbo].[Animals] ([animalID], [name], [gender], [dob], [ownerID], [speciesID]) VALUES (284, N'Daisy', N'F', CAST(N'2022-07-10' AS Date), 161, 91)
INSERT [dbo].[Animals] ([animalID], [name], [gender], [dob], [ownerID], [speciesID]) VALUES (285, N'Molly', N'F', CAST(N'2021-06-23' AS Date), 134, 61)
INSERT [dbo].[Animals] ([animalID], [name], [gender], [dob], [ownerID], [speciesID]) VALUES (286, N'Cali', N'F', CAST(N'2020-01-16' AS Date), 220, 56)
INSERT [dbo].[Animals] ([animalID], [name], [gender], [dob], [ownerID], [speciesID]) VALUES (287, N'Tiger', N'M', CAST(N'2019-12-03' AS Date), 44, 90)
INSERT [dbo].[Animals] ([animalID], [name], [gender], [dob], [ownerID], [speciesID]) VALUES (288, N'Luna', N'F', CAST(N'2018-06-08' AS Date), 113, 64)
INSERT [dbo].[Animals] ([animalID], [name], [gender], [dob], [ownerID], [speciesID]) VALUES (289, N'Zoe', N'F', CAST(N'2023-05-21' AS Date), 102, 91)
INSERT [dbo].[Animals] ([animalID], [name], [gender], [dob], [ownerID], [speciesID]) VALUES (290, N'Angel', N'U', CAST(N'2021-10-23' AS Date), 3, 93)
INSERT [dbo].[Animals] ([animalID], [name], [gender], [dob], [ownerID], [speciesID]) VALUES (291, N'Misty', N'F', CAST(N'2022-03-15' AS Date), 173, 88)
INSERT [dbo].[Animals] ([animalID], [name], [gender], [dob], [ownerID], [speciesID]) VALUES (292, N'Zoe', N'F', CAST(N'2014-05-31' AS Date), 20, 98)
INSERT [dbo].[Animals] ([animalID], [name], [gender], [dob], [ownerID], [speciesID]) VALUES (293, N'Oliver', N'M', CAST(N'2022-02-23' AS Date), 146, 82)
INSERT [dbo].[Animals] ([animalID], [name], [gender], [dob], [ownerID], [speciesID]) VALUES (294, N'Molly', N'F', CAST(N'2023-01-16' AS Date), 35, 75)
INSERT [dbo].[Animals] ([animalID], [name], [gender], [dob], [ownerID], [speciesID]) VALUES (295, N'Princess', N'F', CAST(N'2020-11-20' AS Date), 89, 93)
INSERT [dbo].[Animals] ([animalID], [name], [gender], [dob], [ownerID], [speciesID]) VALUES (296, N'Salem', N'M', CAST(N'2017-05-14' AS Date), 27, 74)
INSERT [dbo].[Animals] ([animalID], [name], [gender], [dob], [ownerID], [speciesID]) VALUES (297, N'Pepper', N'F', CAST(N'2018-01-02' AS Date), 71, 59)
INSERT [dbo].[Animals] ([animalID], [name], [gender], [dob], [ownerID], [speciesID]) VALUES (298, N'Smokey', N'M', CAST(N'2015-01-29' AS Date), 164, 55)
INSERT [dbo].[Animals] ([animalID], [name], [gender], [dob], [ownerID], [speciesID]) VALUES (299, N'Boots', N'U', CAST(N'2019-10-14' AS Date), 102, 71)
INSERT [dbo].[Animals] ([animalID], [name], [gender], [dob], [ownerID], [speciesID]) VALUES (300, N'Misty', N'F', CAST(N'2019-06-26' AS Date), 247, 67)
GO
INSERT [dbo].[Animals] ([animalID], [name], [gender], [dob], [ownerID], [speciesID]) VALUES (301, N'Jasmine', N'F', CAST(N'2020-05-28' AS Date), 191, 99)
INSERT [dbo].[Animals] ([animalID], [name], [gender], [dob], [ownerID], [speciesID]) VALUES (302, N'Pumpkin', N'U', CAST(N'2022-08-15' AS Date), 241, 40)
INSERT [dbo].[Animals] ([animalID], [name], [gender], [dob], [ownerID], [speciesID]) VALUES (303, N'Sunny', N'F', CAST(N'2023-11-19' AS Date), 147, 17)
INSERT [dbo].[Animals] ([animalID], [name], [gender], [dob], [ownerID], [speciesID]) VALUES (304, N'Snickers', N'M', CAST(N'2023-09-11' AS Date), 230, 34)
INSERT [dbo].[Animals] ([animalID], [name], [gender], [dob], [ownerID], [speciesID]) VALUES (305, N'Cocoa', N'F', CAST(N'2023-05-31' AS Date), 138, 9)
INSERT [dbo].[Animals] ([animalID], [name], [gender], [dob], [ownerID], [speciesID]) VALUES (306, N'Marshmallow', N'F', CAST(N'2022-04-13' AS Date), 22, 40)
INSERT [dbo].[Animals] ([animalID], [name], [gender], [dob], [ownerID], [speciesID]) VALUES (307, N'Sprinkles', N'F', CAST(N'2022-12-24' AS Date), 186, 23)
INSERT [dbo].[Animals] ([animalID], [name], [gender], [dob], [ownerID], [speciesID]) VALUES (308, N'Mochi', N'U', CAST(N'2022-05-29' AS Date), 161, 49)
INSERT [dbo].[Animals] ([animalID], [name], [gender], [dob], [ownerID], [speciesID]) VALUES (309, N'Cookie', N'F', CAST(N'2022-06-29' AS Date), 177, 18)
INSERT [dbo].[Animals] ([animalID], [name], [gender], [dob], [ownerID], [speciesID]) VALUES (310, N'Snickerdoodle', N'U', CAST(N'2023-11-05' AS Date), 79, 51)
INSERT [dbo].[Animals] ([animalID], [name], [gender], [dob], [ownerID], [speciesID]) VALUES (311, N'Mochi', N'U', CAST(N'2022-06-22' AS Date), 87, 44)
INSERT [dbo].[Animals] ([animalID], [name], [gender], [dob], [ownerID], [speciesID]) VALUES (312, N'Sunny', N'F', CAST(N'2023-05-13' AS Date), 194, 16)
INSERT [dbo].[Animals] ([animalID], [name], [gender], [dob], [ownerID], [speciesID]) VALUES (313, N'Gummy', N'U', CAST(N'2023-03-17' AS Date), 204, 7)
INSERT [dbo].[Animals] ([animalID], [name], [gender], [dob], [ownerID], [speciesID]) VALUES (314, N'Snickerdoodle', N'U', CAST(N'2022-04-07' AS Date), 35, 11)
INSERT [dbo].[Animals] ([animalID], [name], [gender], [dob], [ownerID], [speciesID]) VALUES (315, N'Snickerdoodle', N'U', CAST(N'2022-06-11' AS Date), 100, 31)
INSERT [dbo].[Animals] ([animalID], [name], [gender], [dob], [ownerID], [speciesID]) VALUES (316, N'Honey', N'F', CAST(N'2023-04-26' AS Date), 207, 38)
INSERT [dbo].[Animals] ([animalID], [name], [gender], [dob], [ownerID], [speciesID]) VALUES (317, N'Marshmallow', N'F', CAST(N'2022-10-09' AS Date), 183, 45)
INSERT [dbo].[Animals] ([animalID], [name], [gender], [dob], [ownerID], [speciesID]) VALUES (318, N'Gummy', N'U', CAST(N'2023-04-06' AS Date), 204, 44)
INSERT [dbo].[Animals] ([animalID], [name], [gender], [dob], [ownerID], [speciesID]) VALUES (319, N'Brownie', N'M', CAST(N'2022-05-28' AS Date), 166, 15)
INSERT [dbo].[Animals] ([animalID], [name], [gender], [dob], [ownerID], [speciesID]) VALUES (320, N'Mocha', N'U', CAST(N'2023-07-14' AS Date), 123, 15)
INSERT [dbo].[Animals] ([animalID], [name], [gender], [dob], [ownerID], [speciesID]) VALUES (321, N'Sprinkles', N'F', CAST(N'2022-06-29' AS Date), 68, 8)
INSERT [dbo].[Animals] ([animalID], [name], [gender], [dob], [ownerID], [speciesID]) VALUES (322, N'Truffle', N'U', CAST(N'2023-06-07' AS Date), 84, 24)
INSERT [dbo].[Animals] ([animalID], [name], [gender], [dob], [ownerID], [speciesID]) VALUES (323, N'Cupcake', N'F', CAST(N'2024-02-06' AS Date), 193, 8)
INSERT [dbo].[Animals] ([animalID], [name], [gender], [dob], [ownerID], [speciesID]) VALUES (324, N'Cookie', N'F', CAST(N'2023-07-26' AS Date), 194, 42)
INSERT [dbo].[Animals] ([animalID], [name], [gender], [dob], [ownerID], [speciesID]) VALUES (325, N'Snickerdoodle', N'U', CAST(N'2024-02-28' AS Date), 89, 12)
INSERT [dbo].[Animals] ([animalID], [name], [gender], [dob], [ownerID], [speciesID]) VALUES (326, N'Gummy', N'U', CAST(N'2022-05-22' AS Date), 136, 48)
INSERT [dbo].[Animals] ([animalID], [name], [gender], [dob], [ownerID], [speciesID]) VALUES (327, N'Candy', N'F', CAST(N'2023-03-30' AS Date), 74, 37)
INSERT [dbo].[Animals] ([animalID], [name], [gender], [dob], [ownerID], [speciesID]) VALUES (328, N'Fudge', N'U', CAST(N'2023-08-25' AS Date), 47, 46)
INSERT [dbo].[Animals] ([animalID], [name], [gender], [dob], [ownerID], [speciesID]) VALUES (329, N'Snickers', N'M', CAST(N'2022-11-28' AS Date), 112, 22)
INSERT [dbo].[Animals] ([animalID], [name], [gender], [dob], [ownerID], [speciesID]) VALUES (330, N'Snickers', N'M', CAST(N'2022-11-21' AS Date), 14, 13)
INSERT [dbo].[Animals] ([animalID], [name], [gender], [dob], [ownerID], [speciesID]) VALUES (331, N'Biscuit', N'M', CAST(N'2023-08-06' AS Date), 191, 26)
SET IDENTITY_INSERT [dbo].[Animals] OFF
GO
SET IDENTITY_INSERT [dbo].[Courses] ON 

INSERT [dbo].[Courses] ([courseID], [name], [description], [photo], [date], [trainerID]) VALUES (1, N'Obedience Adventure', N'Join us on an exciting journey to master basic obedience commands! This course covers sit, stay, come, and more, making learning fun and rewarding for you and your pup.', N'', CAST(N'2023-09-16T11:30:00.000' AS DateTime), 39)
INSERT [dbo].[Courses] ([courseID], [name], [description], [photo], [date], [trainerID]) VALUES (2, N'Social Paws Playtime', N'Let''s get social! This course focuses on puppy socialization, providing opportunities for your furry friend to interact with other pups in a safe and controlled environment.', N'', CAST(N'2023-11-30T18:00:00.000' AS DateTime), 153)
INSERT [dbo].[Courses] ([courseID], [name], [description], [photo], [date], [trainerID]) VALUES (3, N'Crate Escape', N'Discover the magic of crate training in this engaging course. Learn how to introduce your puppy to their crate and make it a cozy retreat they''ll love to call their own.', N'', CAST(N'2024-01-25T17:30:00.000' AS DateTime), 156)
INSERT [dbo].[Courses] ([courseID], [name], [description], [photo], [date], [trainerID]) VALUES (4, N'Potty Party', N'Say goodbye to accidents! Potty training doesn''t have to be a hassle. Join us for a celebration of successful bathroom breaks as we guide you through this essential skill.', N'', CAST(N'2024-04-02T18:00:00.000' AS DateTime), 37)
INSERT [dbo].[Courses] ([courseID], [name], [description], [photo], [date], [trainerID]) VALUES (5, N'Leash Legends', N'Ready for walks without the drama? Leash Legends teaches loose leash walking and proper leash manners, ensuring enjoyable strolls for both you and your canine companion.', N'', CAST(N'2023-01-08T20:30:00.000' AS DateTime), 137)
INSERT [dbo].[Courses] ([courseID], [name], [description], [photo], [date], [trainerID]) VALUES (6, N'Clicker Capers', N'Click your way to success! This course introduces clicker training, a fun and effective method for teaching new behaviors and strengthening the bond between you and your pup.', N'', CAST(N'2023-09-22T17:00:00.000' AS DateTime), 156)
INSERT [dbo].[Courses] ([courseID], [name], [description], [photo], [date], [trainerID]) VALUES (7, N'Positive Paws Power', N'Harness the power of positivity! Positive reinforcement training focuses on rewarding good behavior, creating a happy and harmonious relationship between you and your pup.', N'', CAST(N'2023-04-04T19:00:00.000' AS DateTime), 58)
INSERT [dbo].[Courses] ([courseID], [name], [description], [photo], [date], [trainerID]) VALUES (8, N'Behavior Bonanza', N'Decode your dog''s behavior in this fascinating course. From understanding body language to addressing common issues, you''ll gain valuable insights into canine behavior.', N'', CAST(N'2023-04-08T18:30:00.000' AS DateTime), 37)
INSERT [dbo].[Courses] ([courseID], [name], [description], [photo], [date], [trainerID]) VALUES (9, N'Anxiety Avengers', N'Help your pup conquer anxiety and fear with the Anxiety Avengers! This course offers strategies and techniques to manage separation anxiety and build confidence in your furry friend.', N'', CAST(N'2023-07-14T11:00:00.000' AS DateTime), 171)
INSERT [dbo].[Courses] ([courseID], [name], [description], [photo], [date], [trainerID]) VALUES (10, N'Recall Rally', N'Ready, set, recall! Join the Recall Rally to master the art of coming when called. Whether in the park or at home, your pup will learn to respond promptly and reliably to your cue.', N'', CAST(N'2023-11-09T15:30:00.000' AS DateTime), 156)
INSERT [dbo].[Courses] ([courseID], [name], [description], [photo], [date], [trainerID]) VALUES (11, N'Obedience Odyssey', N'Embark on a journey of obedience mastery! This course covers fundamental commands like sit, stay, and down, providing a solid foundation for your pup''s training journey.', N'', CAST(N'2023-05-20T20:30:00.000' AS DateTime), 39)
INSERT [dbo].[Courses] ([courseID], [name], [description], [photo], [date], [trainerID]) VALUES (12, N'Socialization Safari', N'Join us for an exciting socialization adventure! This course offers structured play sessions to help your puppy develop essential social skills and build positive relationships.', N'', CAST(N'2023-04-13T13:30:00.000' AS DateTime), 94)
INSERT [dbo].[Courses] ([courseID], [name], [description], [photo], [date], [trainerID]) VALUES (13, N'Crate Comfort Quest', N'Transform the crate into a cozy retreat! In this course, you''ll learn how to introduce your puppy to their crate and make it a safe and comforting space they''ll love to relax in.', N'', CAST(N'2024-01-24T20:00:00.000' AS DateTime), 171)
INSERT [dbo].[Courses] ([courseID], [name], [description], [photo], [date], [trainerID]) VALUES (14, N'Potty Training Paradise', N'Say hello to a house-trained paradise! Potty Training Paradise teaches effective techniques to help your puppy master the art of potty training with ease and minimal accidents.', N'', CAST(N'2023-01-04T19:30:00.000' AS DateTime), 37)
INSERT [dbo].[Courses] ([courseID], [name], [description], [photo], [date], [trainerID]) VALUES (15, N'Leash Loungers', N'Relax and enjoy stress-free walks with Leash Loungers! This course focuses on teaching your pup to walk calmly on a leash, making outdoor adventures enjoyable for both of you.', N'', CAST(N'2023-03-29T18:30:00.000' AS DateTime), 82)
INSERT [dbo].[Courses] ([courseID], [name], [description], [photo], [date], [trainerID]) VALUES (16, N'Clicker Crusade', N'Join the Clicker Crusade and unleash the power of positive reinforcement! Learn how to use a clicker to communicate with your puppy and shape desirable behaviors effectively.', N'', CAST(N'2024-01-19T18:00:00.000' AS DateTime), 153)
INSERT [dbo].[Courses] ([courseID], [name], [description], [photo], [date], [trainerID]) VALUES (17, N'Positive Paw Prints', N'Leave behind a trail of positivity with Positive Paw Prints! This course emphasizes positive reinforcement techniques to encourage good behavior and strengthen your bond with your pup.', N'', CAST(N'2023-07-07T18:00:00.000' AS DateTime), 208)
INSERT [dbo].[Courses] ([courseID], [name], [description], [photo], [date], [trainerID]) VALUES (18, N'Behavior Bliss', N'Dive into the world of canine behavior with Behavior Bliss! Gain insights into why dogs behave the way they do and learn practical strategies for addressing common behavioral challenges.', N'', CAST(N'2024-04-30T20:00:00.000' AS DateTime), 249)
INSERT [dbo].[Courses] ([courseID], [name], [description], [photo], [date], [trainerID]) VALUES (19, N'Anxiety Alleviators', N'Help your pup overcome anxiety and build confidence with Anxiety Alleviators! This course provides tools and techniques to ease anxiety-related behaviors and promote emotional well-being.', N'', CAST(N'2024-02-09T14:00:00.000' AS DateTime), 171)
INSERT [dbo].[Courses] ([courseID], [name], [description], [photo], [date], [trainerID]) VALUES (20, N'Recall Rendezvous', N'Join the Recall Rendezvous for off-leash freedom! This course teaches reliable recall skills, empowering your pup to return to you promptly and safely, no matter the distractions.', N'', CAST(N'2024-02-13T17:00:00.000' AS DateTime), 208)
INSERT [dbo].[Courses] ([courseID], [name], [description], [photo], [date], [trainerID]) VALUES (21, N'Sit & Stay Soiree', N'Roll out the red carpet for good manners with Sit & Stay Soiree! This course focuses on teaching polite behaviors such as sitting and staying, ensuring your pup is the life of the party.', N'', CAST(N'2024-02-09T11:00:00.000' AS DateTime), 249)
INSERT [dbo].[Courses] ([courseID], [name], [description], [photo], [date], [trainerID]) VALUES (22, N'Playtime Palooza', N'Let the fun begin at Playtime Palooza! This course offers structured play sessions where puppies can socialize, learn appropriate play behavior, and burn off excess energy in a safe environment.', N'', CAST(N'2023-11-12T20:30:00.000' AS DateTime), 37)
INSERT [dbo].[Courses] ([courseID], [name], [description], [photo], [date], [trainerID]) VALUES (23, N'Crate Comfort Clinic', N'Make crate time comfortable and stress-free with Crate Comfort Clinic! Learn how to acclimate your puppy to their crate and transform it into a peaceful sanctuary they''ll adore.', N'', CAST(N'2023-08-28T12:30:00.000' AS DateTime), 171)
INSERT [dbo].[Courses] ([courseID], [name], [description], [photo], [date], [trainerID]) VALUES (24, N'Potty Party Palooza', N'Get ready to celebrate potty training success at Potty Party Palooza! This course provides practical tips and guidance to help your puppy become a potty training pro in no time.', N'', CAST(N'2023-09-22T19:00:00.000' AS DateTime), 37)
INSERT [dbo].[Courses] ([courseID], [name], [description], [photo], [date], [trainerID]) VALUES (25, N'Leash Legends Lounge', N'Lounge in style with Leash Legends Lounge! This course focuses on teaching loose leash walking and leash manners, making walks with your pup enjoyable and relaxed for both of you.', N'', CAST(N'2024-03-26T17:30:00.000' AS DateTime), 82)
INSERT [dbo].[Courses] ([courseID], [name], [description], [photo], [date], [trainerID]) VALUES (26, N'Clicker Charm School', N'Charm your way to obedience success with Clicker Charm School! Learn how to use clicker training to communicate effectively with your puppy and shape desired behaviors with precision.', N'', CAST(N'2024-03-15T17:00:00.000' AS DateTime), 153)
INSERT [dbo].[Courses] ([courseID], [name], [description], [photo], [date], [trainerID]) VALUES (27, N'Positive Reinforcement Playground', N'Let the games begin at Positive Reinforcement Playground! This course offers engaging activities and games designed to reinforce positive behaviors and strengthen your bond with your pup.', N'', CAST(N'2023-07-30T19:30:00.000' AS DateTime), 39)
INSERT [dbo].[Courses] ([courseID], [name], [description], [photo], [date], [trainerID]) VALUES (28, N'Behavior Breakthrough Bootcamp', N'Breakthrough behavioral barriers with Behavior Breakthrough Bootcamp! This intensive course provides practical strategies and techniques to address challenging behaviors and foster harmony at home.', N'', CAST(N'2023-07-09T18:30:00.000' AS DateTime), 58)
INSERT [dbo].[Courses] ([courseID], [name], [description], [photo], [date], [trainerID]) VALUES (29, N'Anxiety Annihilation Academy', N'Conquer anxiety with Anxiety Annihilation Academy! This course equips you with the tools and knowledge to help your pup overcome fear and anxiety, leading to a happier and more confident companion.', N'', CAST(N'2023-10-29T20:00:00.000' AS DateTime), 137)
INSERT [dbo].[Courses] ([courseID], [name], [description], [photo], [date], [trainerID]) VALUES (30, N'Recall Revolution Rally', N'Join the Recall Revolution Rally for off-leash adventures! This course focuses on building a reliable recall response in your puppy, allowing you to enjoy freedom and flexibility in your outdoor activities.', N'', CAST(N'2024-03-26T19:30:00.000' AS DateTime), 156)
INSERT [dbo].[Courses] ([courseID], [name], [description], [photo], [date], [trainerID]) VALUES (31, N'Stay & Wait Wonderland', N'Enter a world of patience and self-control at Stay & Wait Wonderland! This course teaches your pup the valuable skills of staying and waiting patiently, enhancing their impulse control and focus.', N'', CAST(N'2024-01-26T13:00:00.000' AS DateTime), 156)
INSERT [dbo].[Courses] ([courseID], [name], [description], [photo], [date], [trainerID]) VALUES (32, N'Socialization Spectacular', N'Experience the magic of socialization at Socialization Spectacular! This course provides structured opportunities for puppies to interact with peers and learn valuable social skills in a supervised setting.', N'', CAST(N'2023-12-12T12:30:00.000' AS DateTime), 82)
INSERT [dbo].[Courses] ([courseID], [name], [description], [photo], [date], [trainerID]) VALUES (33, N'Crate Cozy Corner', N'Create a cozy retreat for your pup at Crate Cozy Corner! This course teaches you how to make the crate a welcoming and comfortable space where your puppy can relax and unwind whenever needed.', N'', CAST(N'2023-06-01T18:30:00.000' AS DateTime), 56)
INSERT [dbo].[Courses] ([courseID], [name], [description], [photo], [date], [trainerID]) VALUES (34, N'Potty Training Party', N'Join the party and master potty training with Potty Training Party! This course offers effective strategies and techniques to help your puppy achieve success in their potty training journey with ease.', N'', CAST(N'2023-10-31T20:30:00.000' AS DateTime), 37)
INSERT [dbo].[Courses] ([courseID], [name], [description], [photo], [date], [trainerID]) VALUES (35, N'Leash Walking Wonderland', N'Step into Leash Walking Wonderland for stress-free walks! This course focuses on teaching your puppy to walk politely on a leash, making outings enjoyable and harmonious for both of you.', N'', CAST(N'2023-02-07T18:30:00.000' AS DateTime), 58)
INSERT [dbo].[Courses] ([courseID], [name], [description], [photo], [date], [trainerID]) VALUES (36, N'Clicker Training Treasure Trove', N'Discover the treasure of clicker training at Clicker Training Treasure Trove! This course introduces you to the power of clicker training and how it can be used to shape desired behaviors in your puppy.', N'', CAST(N'2023-10-21T18:00:00.000' AS DateTime), 153)
INSERT [dbo].[Courses] ([courseID], [name], [description], [photo], [date], [trainerID]) VALUES (37, N'Positive Puppy Playhouse', N'Welcome to the Positive Puppy Playhouse, where learning is fun! This course provides engaging activities and games designed to reinforce positive behaviors and strengthen the bond between you and your puppy.', N'', CAST(N'2024-03-03T18:00:00.000' AS DateTime), 94)
INSERT [dbo].[Courses] ([courseID], [name], [description], [photo], [date], [trainerID]) VALUES (38, N'Behavior Balance Bootcamp', N'Achieve balance and harmony with Behavior Balance Bootcamp! This intensive course equips you with the tools and strategies to address behavioral challenges and foster a positive relationship with your pup.', N'', CAST(N'2023-10-01T17:00:00.000' AS DateTime), 39)
INSERT [dbo].[Courses] ([courseID], [name], [description], [photo], [date], [trainerID]) VALUES (39, N'Anxiety Alleviation Avenue', N'Take a stroll down Anxiety Alleviation Avenue and leave anxiety behind! This course offers practical techniques and support to help your puppy overcome fear and anxiety, leading to a happier and more confident companion.', N'', CAST(N'2023-08-10T19:00:00.000' AS DateTime), 171)
INSERT [dbo].[Courses] ([courseID], [name], [description], [photo], [date], [trainerID]) VALUES (40, N'Recall Ready Retreat', N'Prepare for off-leash adventures at Recall Ready Retreat! This course focuses on building a reliable recall response in your puppy, empowering you to enjoy freedom and flexibility in your outdoor activities.', N'', CAST(N'2023-12-07T17:00:00.000' AS DateTime), 39)
INSERT [dbo].[Courses] ([courseID], [name], [description], [photo], [date], [trainerID]) VALUES (41, N'Manners & More Masterclass', N'Elevate your pup''s manners with Manners & More Masterclass! This comprehensive course covers essential obedience commands and polite behaviors, setting the stage for a well-behaved and well-mannered companion.', N'', CAST(N'2023-08-17T18:00:00.000' AS DateTime), 58)
INSERT [dbo].[Courses] ([courseID], [name], [description], [photo], [date], [trainerID]) VALUES (42, N'Playtime Paradise', N'Dive into Playtime Paradise and let the fun begin! This course offers structured play sessions where puppies can socialize, burn off energy, and learn valuable social skills in a supervised and supportive environment.', N'', CAST(N'2023-04-16T19:30:00.000' AS DateTime), 56)
INSERT [dbo].[Courses] ([courseID], [name], [description], [photo], [date], [trainerID]) VALUES (43, N'Crate Training Camp', N'Welcome to Crate Training Camp, where crate time is a breeze! This course provides step-by-step guidance on crate introduction and crate training techniques, helping your puppy view their crate as a safe and comforting space.', N'', CAST(N'2024-03-10T17:30:00.000' AS DateTime), 82)
INSERT [dbo].[Courses] ([courseID], [name], [description], [photo], [date], [trainerID]) VALUES (44, N'Potty Training Power Hour', N'Maximize potty training success with Potty Training Power Hour! This focused course offers practical tips and strategies to help your puppy master potty training quickly and effectively, making accidents a thing of the past.', N'', CAST(N'2023-09-07T20:00:00.000' AS DateTime), 37)
SET IDENTITY_INSERT [dbo].[Courses] OFF
GO
INSERT [dbo].[Enrolments] ([CourseID], [PuppyID]) VALUES (1, 10)
INSERT [dbo].[Enrolments] ([CourseID], [PuppyID]) VALUES (1, 316)
INSERT [dbo].[Enrolments] ([CourseID], [PuppyID]) VALUES (1, 321)
INSERT [dbo].[Enrolments] ([CourseID], [PuppyID]) VALUES (2, 307)
INSERT [dbo].[Enrolments] ([CourseID], [PuppyID]) VALUES (2, 318)
INSERT [dbo].[Enrolments] ([CourseID], [PuppyID]) VALUES (2, 329)
INSERT [dbo].[Enrolments] ([CourseID], [PuppyID]) VALUES (3, 101)
INSERT [dbo].[Enrolments] ([CourseID], [PuppyID]) VALUES (3, 311)
INSERT [dbo].[Enrolments] ([CourseID], [PuppyID]) VALUES (3, 312)
INSERT [dbo].[Enrolments] ([CourseID], [PuppyID]) VALUES (3, 321)
INSERT [dbo].[Enrolments] ([CourseID], [PuppyID]) VALUES (4, 26)
INSERT [dbo].[Enrolments] ([CourseID], [PuppyID]) VALUES (4, 28)
INSERT [dbo].[Enrolments] ([CourseID], [PuppyID]) VALUES (4, 306)
INSERT [dbo].[Enrolments] ([CourseID], [PuppyID]) VALUES (4, 320)
INSERT [dbo].[Enrolments] ([CourseID], [PuppyID]) VALUES (5, 5)
INSERT [dbo].[Enrolments] ([CourseID], [PuppyID]) VALUES (5, 302)
INSERT [dbo].[Enrolments] ([CourseID], [PuppyID]) VALUES (5, 306)
INSERT [dbo].[Enrolments] ([CourseID], [PuppyID]) VALUES (5, 314)
INSERT [dbo].[Enrolments] ([CourseID], [PuppyID]) VALUES (5, 315)
INSERT [dbo].[Enrolments] ([CourseID], [PuppyID]) VALUES (6, 72)
INSERT [dbo].[Enrolments] ([CourseID], [PuppyID]) VALUES (6, 316)
INSERT [dbo].[Enrolments] ([CourseID], [PuppyID]) VALUES (7, 19)
INSERT [dbo].[Enrolments] ([CourseID], [PuppyID]) VALUES (7, 311)
INSERT [dbo].[Enrolments] ([CourseID], [PuppyID]) VALUES (8, 46)
INSERT [dbo].[Enrolments] ([CourseID], [PuppyID]) VALUES (8, 307)
INSERT [dbo].[Enrolments] ([CourseID], [PuppyID]) VALUES (8, 330)
INSERT [dbo].[Enrolments] ([CourseID], [PuppyID]) VALUES (9, 10)
INSERT [dbo].[Enrolments] ([CourseID], [PuppyID]) VALUES (9, 55)
INSERT [dbo].[Enrolments] ([CourseID], [PuppyID]) VALUES (10, 50)
INSERT [dbo].[Enrolments] ([CourseID], [PuppyID]) VALUES (10, 71)
INSERT [dbo].[Enrolments] ([CourseID], [PuppyID]) VALUES (10, 319)
INSERT [dbo].[Enrolments] ([CourseID], [PuppyID]) VALUES (10, 326)
INSERT [dbo].[Enrolments] ([CourseID], [PuppyID]) VALUES (11, 46)
INSERT [dbo].[Enrolments] ([CourseID], [PuppyID]) VALUES (11, 75)
INSERT [dbo].[Enrolments] ([CourseID], [PuppyID]) VALUES (11, 302)
INSERT [dbo].[Enrolments] ([CourseID], [PuppyID]) VALUES (11, 319)
INSERT [dbo].[Enrolments] ([CourseID], [PuppyID]) VALUES (12, 302)
INSERT [dbo].[Enrolments] ([CourseID], [PuppyID]) VALUES (13, 19)
INSERT [dbo].[Enrolments] ([CourseID], [PuppyID]) VALUES (13, 55)
INSERT [dbo].[Enrolments] ([CourseID], [PuppyID]) VALUES (13, 75)
INSERT [dbo].[Enrolments] ([CourseID], [PuppyID]) VALUES (13, 85)
INSERT [dbo].[Enrolments] ([CourseID], [PuppyID]) VALUES (13, 309)
INSERT [dbo].[Enrolments] ([CourseID], [PuppyID]) VALUES (13, 313)
INSERT [dbo].[Enrolments] ([CourseID], [PuppyID]) VALUES (13, 320)
INSERT [dbo].[Enrolments] ([CourseID], [PuppyID]) VALUES (13, 328)
INSERT [dbo].[Enrolments] ([CourseID], [PuppyID]) VALUES (14, 306)
INSERT [dbo].[Enrolments] ([CourseID], [PuppyID]) VALUES (14, 314)
INSERT [dbo].[Enrolments] ([CourseID], [PuppyID]) VALUES (15, 55)
INSERT [dbo].[Enrolments] ([CourseID], [PuppyID]) VALUES (15, 309)
INSERT [dbo].[Enrolments] ([CourseID], [PuppyID]) VALUES (16, 101)
INSERT [dbo].[Enrolments] ([CourseID], [PuppyID]) VALUES (16, 311)
INSERT [dbo].[Enrolments] ([CourseID], [PuppyID]) VALUES (16, 313)
INSERT [dbo].[Enrolments] ([CourseID], [PuppyID]) VALUES (17, 315)
INSERT [dbo].[Enrolments] ([CourseID], [PuppyID]) VALUES (18, 28)
INSERT [dbo].[Enrolments] ([CourseID], [PuppyID]) VALUES (18, 32)
INSERT [dbo].[Enrolments] ([CourseID], [PuppyID]) VALUES (18, 75)
INSERT [dbo].[Enrolments] ([CourseID], [PuppyID]) VALUES (18, 303)
INSERT [dbo].[Enrolments] ([CourseID], [PuppyID]) VALUES (18, 304)
INSERT [dbo].[Enrolments] ([CourseID], [PuppyID]) VALUES (18, 310)
INSERT [dbo].[Enrolments] ([CourseID], [PuppyID]) VALUES (18, 317)
INSERT [dbo].[Enrolments] ([CourseID], [PuppyID]) VALUES (19, 9)
INSERT [dbo].[Enrolments] ([CourseID], [PuppyID]) VALUES (19, 16)
INSERT [dbo].[Enrolments] ([CourseID], [PuppyID]) VALUES (19, 55)
INSERT [dbo].[Enrolments] ([CourseID], [PuppyID]) VALUES (19, 71)
INSERT [dbo].[Enrolments] ([CourseID], [PuppyID]) VALUES (19, 313)
INSERT [dbo].[Enrolments] ([CourseID], [PuppyID]) VALUES (19, 316)
INSERT [dbo].[Enrolments] ([CourseID], [PuppyID]) VALUES (19, 321)
INSERT [dbo].[Enrolments] ([CourseID], [PuppyID]) VALUES (19, 322)
INSERT [dbo].[Enrolments] ([CourseID], [PuppyID]) VALUES (20, 312)
INSERT [dbo].[Enrolments] ([CourseID], [PuppyID]) VALUES (20, 317)
INSERT [dbo].[Enrolments] ([CourseID], [PuppyID]) VALUES (20, 321)
INSERT [dbo].[Enrolments] ([CourseID], [PuppyID]) VALUES (20, 331)
INSERT [dbo].[Enrolments] ([CourseID], [PuppyID]) VALUES (21, 46)
INSERT [dbo].[Enrolments] ([CourseID], [PuppyID]) VALUES (21, 327)
INSERT [dbo].[Enrolments] ([CourseID], [PuppyID]) VALUES (22, 16)
INSERT [dbo].[Enrolments] ([CourseID], [PuppyID]) VALUES (22, 306)
INSERT [dbo].[Enrolments] ([CourseID], [PuppyID]) VALUES (22, 315)
INSERT [dbo].[Enrolments] ([CourseID], [PuppyID]) VALUES (23, 10)
INSERT [dbo].[Enrolments] ([CourseID], [PuppyID]) VALUES (23, 71)
INSERT [dbo].[Enrolments] ([CourseID], [PuppyID]) VALUES (23, 72)
INSERT [dbo].[Enrolments] ([CourseID], [PuppyID]) VALUES (23, 313)
INSERT [dbo].[Enrolments] ([CourseID], [PuppyID]) VALUES (23, 321)
INSERT [dbo].[Enrolments] ([CourseID], [PuppyID]) VALUES (23, 326)
INSERT [dbo].[Enrolments] ([CourseID], [PuppyID]) VALUES (24, 9)
INSERT [dbo].[Enrolments] ([CourseID], [PuppyID]) VALUES (24, 16)
INSERT [dbo].[Enrolments] ([CourseID], [PuppyID]) VALUES (24, 329)
INSERT [dbo].[Enrolments] ([CourseID], [PuppyID]) VALUES (25, 46)
INSERT [dbo].[Enrolments] ([CourseID], [PuppyID]) VALUES (25, 303)
INSERT [dbo].[Enrolments] ([CourseID], [PuppyID]) VALUES (25, 304)
INSERT [dbo].[Enrolments] ([CourseID], [PuppyID]) VALUES (25, 305)
INSERT [dbo].[Enrolments] ([CourseID], [PuppyID]) VALUES (25, 310)
INSERT [dbo].[Enrolments] ([CourseID], [PuppyID]) VALUES (25, 311)
INSERT [dbo].[Enrolments] ([CourseID], [PuppyID]) VALUES (25, 318)
INSERT [dbo].[Enrolments] ([CourseID], [PuppyID]) VALUES (25, 324)
INSERT [dbo].[Enrolments] ([CourseID], [PuppyID]) VALUES (25, 328)
INSERT [dbo].[Enrolments] ([CourseID], [PuppyID]) VALUES (26, 9)
INSERT [dbo].[Enrolments] ([CourseID], [PuppyID]) VALUES (26, 71)
INSERT [dbo].[Enrolments] ([CourseID], [PuppyID]) VALUES (26, 305)
INSERT [dbo].[Enrolments] ([CourseID], [PuppyID]) VALUES (26, 314)
INSERT [dbo].[Enrolments] ([CourseID], [PuppyID]) VALUES (26, 317)
GO
INSERT [dbo].[Enrolments] ([CourseID], [PuppyID]) VALUES (26, 324)
INSERT [dbo].[Enrolments] ([CourseID], [PuppyID]) VALUES (27, 71)
INSERT [dbo].[Enrolments] ([CourseID], [PuppyID]) VALUES (27, 302)
INSERT [dbo].[Enrolments] ([CourseID], [PuppyID]) VALUES (27, 314)
INSERT [dbo].[Enrolments] ([CourseID], [PuppyID]) VALUES (27, 330)
INSERT [dbo].[Enrolments] ([CourseID], [PuppyID]) VALUES (28, 72)
INSERT [dbo].[Enrolments] ([CourseID], [PuppyID]) VALUES (29, 312)
INSERT [dbo].[Enrolments] ([CourseID], [PuppyID]) VALUES (29, 330)
INSERT [dbo].[Enrolments] ([CourseID], [PuppyID]) VALUES (30, 26)
INSERT [dbo].[Enrolments] ([CourseID], [PuppyID]) VALUES (30, 59)
INSERT [dbo].[Enrolments] ([CourseID], [PuppyID]) VALUES (30, 307)
INSERT [dbo].[Enrolments] ([CourseID], [PuppyID]) VALUES (30, 315)
INSERT [dbo].[Enrolments] ([CourseID], [PuppyID]) VALUES (30, 317)
INSERT [dbo].[Enrolments] ([CourseID], [PuppyID]) VALUES (31, 16)
INSERT [dbo].[Enrolments] ([CourseID], [PuppyID]) VALUES (31, 19)
INSERT [dbo].[Enrolments] ([CourseID], [PuppyID]) VALUES (31, 55)
INSERT [dbo].[Enrolments] ([CourseID], [PuppyID]) VALUES (31, 306)
INSERT [dbo].[Enrolments] ([CourseID], [PuppyID]) VALUES (31, 331)
INSERT [dbo].[Enrolments] ([CourseID], [PuppyID]) VALUES (32, 72)
INSERT [dbo].[Enrolments] ([CourseID], [PuppyID]) VALUES (32, 101)
INSERT [dbo].[Enrolments] ([CourseID], [PuppyID]) VALUES (32, 305)
INSERT [dbo].[Enrolments] ([CourseID], [PuppyID]) VALUES (32, 322)
INSERT [dbo].[Enrolments] ([CourseID], [PuppyID]) VALUES (33, 10)
INSERT [dbo].[Enrolments] ([CourseID], [PuppyID]) VALUES (34, 72)
INSERT [dbo].[Enrolments] ([CourseID], [PuppyID]) VALUES (35, 101)
INSERT [dbo].[Enrolments] ([CourseID], [PuppyID]) VALUES (36, 26)
INSERT [dbo].[Enrolments] ([CourseID], [PuppyID]) VALUES (36, 50)
INSERT [dbo].[Enrolments] ([CourseID], [PuppyID]) VALUES (36, 326)
INSERT [dbo].[Enrolments] ([CourseID], [PuppyID]) VALUES (37, 71)
INSERT [dbo].[Enrolments] ([CourseID], [PuppyID]) VALUES (37, 72)
INSERT [dbo].[Enrolments] ([CourseID], [PuppyID]) VALUES (37, 303)
INSERT [dbo].[Enrolments] ([CourseID], [PuppyID]) VALUES (37, 309)
INSERT [dbo].[Enrolments] ([CourseID], [PuppyID]) VALUES (37, 310)
INSERT [dbo].[Enrolments] ([CourseID], [PuppyID]) VALUES (37, 313)
INSERT [dbo].[Enrolments] ([CourseID], [PuppyID]) VALUES (37, 314)
INSERT [dbo].[Enrolments] ([CourseID], [PuppyID]) VALUES (37, 328)
INSERT [dbo].[Enrolments] ([CourseID], [PuppyID]) VALUES (37, 330)
INSERT [dbo].[Enrolments] ([CourseID], [PuppyID]) VALUES (38, 59)
INSERT [dbo].[Enrolments] ([CourseID], [PuppyID]) VALUES (38, 306)
INSERT [dbo].[Enrolments] ([CourseID], [PuppyID]) VALUES (38, 307)
INSERT [dbo].[Enrolments] ([CourseID], [PuppyID]) VALUES (38, 321)
INSERT [dbo].[Enrolments] ([CourseID], [PuppyID]) VALUES (39, 55)
INSERT [dbo].[Enrolments] ([CourseID], [PuppyID]) VALUES (39, 71)
INSERT [dbo].[Enrolments] ([CourseID], [PuppyID]) VALUES (39, 321)
INSERT [dbo].[Enrolments] ([CourseID], [PuppyID]) VALUES (40, 10)
INSERT [dbo].[Enrolments] ([CourseID], [PuppyID]) VALUES (40, 16)
INSERT [dbo].[Enrolments] ([CourseID], [PuppyID]) VALUES (40, 19)
INSERT [dbo].[Enrolments] ([CourseID], [PuppyID]) VALUES (40, 302)
INSERT [dbo].[Enrolments] ([CourseID], [PuppyID]) VALUES (40, 305)
INSERT [dbo].[Enrolments] ([CourseID], [PuppyID]) VALUES (40, 308)
INSERT [dbo].[Enrolments] ([CourseID], [PuppyID]) VALUES (40, 313)
INSERT [dbo].[Enrolments] ([CourseID], [PuppyID]) VALUES (40, 317)
INSERT [dbo].[Enrolments] ([CourseID], [PuppyID]) VALUES (40, 319)
INSERT [dbo].[Enrolments] ([CourseID], [PuppyID]) VALUES (40, 320)
INSERT [dbo].[Enrolments] ([CourseID], [PuppyID]) VALUES (40, 327)
INSERT [dbo].[Enrolments] ([CourseID], [PuppyID]) VALUES (40, 328)
INSERT [dbo].[Enrolments] ([CourseID], [PuppyID]) VALUES (40, 331)
INSERT [dbo].[Enrolments] ([CourseID], [PuppyID]) VALUES (41, 5)
INSERT [dbo].[Enrolments] ([CourseID], [PuppyID]) VALUES (41, 50)
INSERT [dbo].[Enrolments] ([CourseID], [PuppyID]) VALUES (41, 75)
INSERT [dbo].[Enrolments] ([CourseID], [PuppyID]) VALUES (41, 315)
INSERT [dbo].[Enrolments] ([CourseID], [PuppyID]) VALUES (41, 316)
INSERT [dbo].[Enrolments] ([CourseID], [PuppyID]) VALUES (41, 318)
INSERT [dbo].[Enrolments] ([CourseID], [PuppyID]) VALUES (41, 321)
INSERT [dbo].[Enrolments] ([CourseID], [PuppyID]) VALUES (41, 327)
INSERT [dbo].[Enrolments] ([CourseID], [PuppyID]) VALUES (42, 19)
INSERT [dbo].[Enrolments] ([CourseID], [PuppyID]) VALUES (42, 309)
INSERT [dbo].[Enrolments] ([CourseID], [PuppyID]) VALUES (42, 319)
INSERT [dbo].[Enrolments] ([CourseID], [PuppyID]) VALUES (42, 330)
INSERT [dbo].[Enrolments] ([CourseID], [PuppyID]) VALUES (43, 26)
INSERT [dbo].[Enrolments] ([CourseID], [PuppyID]) VALUES (43, 32)
INSERT [dbo].[Enrolments] ([CourseID], [PuppyID]) VALUES (43, 85)
INSERT [dbo].[Enrolments] ([CourseID], [PuppyID]) VALUES (43, 308)
INSERT [dbo].[Enrolments] ([CourseID], [PuppyID]) VALUES (43, 317)
INSERT [dbo].[Enrolments] ([CourseID], [PuppyID]) VALUES (43, 320)
INSERT [dbo].[Enrolments] ([CourseID], [PuppyID]) VALUES (44, 305)
INSERT [dbo].[Enrolments] ([CourseID], [PuppyID]) VALUES (44, 308)
INSERT [dbo].[Enrolments] ([CourseID], [PuppyID]) VALUES (44, 317)
GO
INSERT [dbo].[Owners] ([ownerID], [contact]) VALUES (2, N'0442 492 377')
INSERT [dbo].[Owners] ([ownerID], [contact]) VALUES (3, N'0479 412 318')
INSERT [dbo].[Owners] ([ownerID], [contact]) VALUES (4, N'0455 422 743')
INSERT [dbo].[Owners] ([ownerID], [contact]) VALUES (5, N'0440 493 174')
INSERT [dbo].[Owners] ([ownerID], [contact]) VALUES (7, N'0441 452 793')
INSERT [dbo].[Owners] ([ownerID], [contact]) VALUES (8, N'0467 485 303')
INSERT [dbo].[Owners] ([ownerID], [contact]) VALUES (9, N'0429 401 361')
INSERT [dbo].[Owners] ([ownerID], [contact]) VALUES (11, N'0467 401 785')
INSERT [dbo].[Owners] ([ownerID], [contact]) VALUES (12, N'0451 429 998')
INSERT [dbo].[Owners] ([ownerID], [contact]) VALUES (13, N'0464 487 327')
INSERT [dbo].[Owners] ([ownerID], [contact]) VALUES (14, N'0429 400 635')
INSERT [dbo].[Owners] ([ownerID], [contact]) VALUES (16, N'0483 429 860')
INSERT [dbo].[Owners] ([ownerID], [contact]) VALUES (17, N'0485 492 810')
INSERT [dbo].[Owners] ([ownerID], [contact]) VALUES (18, N'0407 436 872')
INSERT [dbo].[Owners] ([ownerID], [contact]) VALUES (19, N'0406 468 122')
INSERT [dbo].[Owners] ([ownerID], [contact]) VALUES (20, N'0421 403 602')
INSERT [dbo].[Owners] ([ownerID], [contact]) VALUES (21, N'0440 478 428')
INSERT [dbo].[Owners] ([ownerID], [contact]) VALUES (22, N'0499 421 898')
INSERT [dbo].[Owners] ([ownerID], [contact]) VALUES (23, N'0468 410 161')
INSERT [dbo].[Owners] ([ownerID], [contact]) VALUES (24, N'0411 429 238')
INSERT [dbo].[Owners] ([ownerID], [contact]) VALUES (25, N'0409 416 455')
INSERT [dbo].[Owners] ([ownerID], [contact]) VALUES (26, N'0428 475 770')
INSERT [dbo].[Owners] ([ownerID], [contact]) VALUES (27, N'0472 417 253')
INSERT [dbo].[Owners] ([ownerID], [contact]) VALUES (29, N'0425 465 348')
INSERT [dbo].[Owners] ([ownerID], [contact]) VALUES (31, N'0492 480 314')
INSERT [dbo].[Owners] ([ownerID], [contact]) VALUES (32, N'0424 487 899')
INSERT [dbo].[Owners] ([ownerID], [contact]) VALUES (33, N'0404 418 806')
INSERT [dbo].[Owners] ([ownerID], [contact]) VALUES (34, N'0464 419 866')
INSERT [dbo].[Owners] ([ownerID], [contact]) VALUES (35, N'0468 424 702')
INSERT [dbo].[Owners] ([ownerID], [contact]) VALUES (36, N'0452 474 675')
INSERT [dbo].[Owners] ([ownerID], [contact]) VALUES (38, N'0457 461 884')
INSERT [dbo].[Owners] ([ownerID], [contact]) VALUES (41, N'0459 484 149')
INSERT [dbo].[Owners] ([ownerID], [contact]) VALUES (42, N'0466 409 333')
INSERT [dbo].[Owners] ([ownerID], [contact]) VALUES (43, N'0427 497 805')
INSERT [dbo].[Owners] ([ownerID], [contact]) VALUES (44, N'0487 449 527')
INSERT [dbo].[Owners] ([ownerID], [contact]) VALUES (45, N'0476 452 548')
INSERT [dbo].[Owners] ([ownerID], [contact]) VALUES (46, N'0443 428 365')
INSERT [dbo].[Owners] ([ownerID], [contact]) VALUES (47, N'0430 459 188')
INSERT [dbo].[Owners] ([ownerID], [contact]) VALUES (48, N'0414 445 188')
INSERT [dbo].[Owners] ([ownerID], [contact]) VALUES (49, N'0401 454 691')
INSERT [dbo].[Owners] ([ownerID], [contact]) VALUES (50, N'0458 469 548')
INSERT [dbo].[Owners] ([ownerID], [contact]) VALUES (51, N'0431 417 581')
INSERT [dbo].[Owners] ([ownerID], [contact]) VALUES (52, N'0437 475 427')
INSERT [dbo].[Owners] ([ownerID], [contact]) VALUES (54, N'0426 480 812')
INSERT [dbo].[Owners] ([ownerID], [contact]) VALUES (57, N'0472 487 208')
INSERT [dbo].[Owners] ([ownerID], [contact]) VALUES (59, N'0412 446 606')
INSERT [dbo].[Owners] ([ownerID], [contact]) VALUES (60, N'0453 483 431')
INSERT [dbo].[Owners] ([ownerID], [contact]) VALUES (61, N'0477 493 483')
INSERT [dbo].[Owners] ([ownerID], [contact]) VALUES (63, N'0402 446 822')
INSERT [dbo].[Owners] ([ownerID], [contact]) VALUES (64, N'0421 470 579')
INSERT [dbo].[Owners] ([ownerID], [contact]) VALUES (65, N'0416 446 459')
INSERT [dbo].[Owners] ([ownerID], [contact]) VALUES (66, N'0438 411 687')
INSERT [dbo].[Owners] ([ownerID], [contact]) VALUES (67, N'0476 462 443')
INSERT [dbo].[Owners] ([ownerID], [contact]) VALUES (68, N'0402 435 757')
INSERT [dbo].[Owners] ([ownerID], [contact]) VALUES (69, N'0437 412 582')
INSERT [dbo].[Owners] ([ownerID], [contact]) VALUES (71, N'0445 481 383')
INSERT [dbo].[Owners] ([ownerID], [contact]) VALUES (74, N'0464 425 913')
INSERT [dbo].[Owners] ([ownerID], [contact]) VALUES (75, N'0484 430 260')
INSERT [dbo].[Owners] ([ownerID], [contact]) VALUES (76, N'0404 454 565')
INSERT [dbo].[Owners] ([ownerID], [contact]) VALUES (78, N'0496 424 418')
INSERT [dbo].[Owners] ([ownerID], [contact]) VALUES (79, N'0490 446 153')
INSERT [dbo].[Owners] ([ownerID], [contact]) VALUES (80, N'0418 427 984')
INSERT [dbo].[Owners] ([ownerID], [contact]) VALUES (81, N'0442 490 787')
INSERT [dbo].[Owners] ([ownerID], [contact]) VALUES (83, N'0455 417 181')
INSERT [dbo].[Owners] ([ownerID], [contact]) VALUES (84, N'0429 425 897')
INSERT [dbo].[Owners] ([ownerID], [contact]) VALUES (85, N'0451 497 435')
INSERT [dbo].[Owners] ([ownerID], [contact]) VALUES (86, N'0444 475 825')
INSERT [dbo].[Owners] ([ownerID], [contact]) VALUES (87, N'0449 405 892')
INSERT [dbo].[Owners] ([ownerID], [contact]) VALUES (88, N'0433 473 531')
INSERT [dbo].[Owners] ([ownerID], [contact]) VALUES (89, N'0451 437 937')
INSERT [dbo].[Owners] ([ownerID], [contact]) VALUES (92, N'0482 441 729')
INSERT [dbo].[Owners] ([ownerID], [contact]) VALUES (93, N'0425 432 581')
INSERT [dbo].[Owners] ([ownerID], [contact]) VALUES (95, N'0443 438 677')
INSERT [dbo].[Owners] ([ownerID], [contact]) VALUES (96, N'0409 474 316')
INSERT [dbo].[Owners] ([ownerID], [contact]) VALUES (98, N'0482 449 557')
INSERT [dbo].[Owners] ([ownerID], [contact]) VALUES (99, N'0439 485 203')
INSERT [dbo].[Owners] ([ownerID], [contact]) VALUES (100, N'0449 491 831')
INSERT [dbo].[Owners] ([ownerID], [contact]) VALUES (102, N'0467 429 508')
INSERT [dbo].[Owners] ([ownerID], [contact]) VALUES (104, N'0424 416 838')
INSERT [dbo].[Owners] ([ownerID], [contact]) VALUES (105, N'0410 419 540')
INSERT [dbo].[Owners] ([ownerID], [contact]) VALUES (106, N'0403 451 775')
INSERT [dbo].[Owners] ([ownerID], [contact]) VALUES (107, N'0416 446 509')
INSERT [dbo].[Owners] ([ownerID], [contact]) VALUES (108, N'0408 419 859')
INSERT [dbo].[Owners] ([ownerID], [contact]) VALUES (109, N'0405 437 331')
INSERT [dbo].[Owners] ([ownerID], [contact]) VALUES (110, N'0485 482 490')
INSERT [dbo].[Owners] ([ownerID], [contact]) VALUES (112, N'0416 495 243')
INSERT [dbo].[Owners] ([ownerID], [contact]) VALUES (113, N'0457 433 788')
INSERT [dbo].[Owners] ([ownerID], [contact]) VALUES (114, N'0473 406 154')
INSERT [dbo].[Owners] ([ownerID], [contact]) VALUES (117, N'0471 459 414')
INSERT [dbo].[Owners] ([ownerID], [contact]) VALUES (120, N'0484 402 160')
INSERT [dbo].[Owners] ([ownerID], [contact]) VALUES (121, N'0467 438 867')
INSERT [dbo].[Owners] ([ownerID], [contact]) VALUES (123, N'0428 486 534')
INSERT [dbo].[Owners] ([ownerID], [contact]) VALUES (125, N'0475 447 746')
INSERT [dbo].[Owners] ([ownerID], [contact]) VALUES (126, N'0423 453 214')
INSERT [dbo].[Owners] ([ownerID], [contact]) VALUES (127, N'0457 426 186')
INSERT [dbo].[Owners] ([ownerID], [contact]) VALUES (128, N'0415 413 839')
INSERT [dbo].[Owners] ([ownerID], [contact]) VALUES (129, N'0453 414 103')
INSERT [dbo].[Owners] ([ownerID], [contact]) VALUES (130, N'0442 478 264')
INSERT [dbo].[Owners] ([ownerID], [contact]) VALUES (131, N'0478 432 844')
INSERT [dbo].[Owners] ([ownerID], [contact]) VALUES (133, N'0438 429 239')
GO
INSERT [dbo].[Owners] ([ownerID], [contact]) VALUES (134, N'0476 423 118')
INSERT [dbo].[Owners] ([ownerID], [contact]) VALUES (135, N'0430 469 785')
INSERT [dbo].[Owners] ([ownerID], [contact]) VALUES (136, N'0432 447 406')
INSERT [dbo].[Owners] ([ownerID], [contact]) VALUES (138, N'0482 465 805')
INSERT [dbo].[Owners] ([ownerID], [contact]) VALUES (139, N'0436 413 767')
INSERT [dbo].[Owners] ([ownerID], [contact]) VALUES (141, N'0462 405 399')
INSERT [dbo].[Owners] ([ownerID], [contact]) VALUES (142, N'0451 477 674')
INSERT [dbo].[Owners] ([ownerID], [contact]) VALUES (144, N'0467 453 906')
INSERT [dbo].[Owners] ([ownerID], [contact]) VALUES (145, N'0477 459 945')
INSERT [dbo].[Owners] ([ownerID], [contact]) VALUES (146, N'0479 427 660')
INSERT [dbo].[Owners] ([ownerID], [contact]) VALUES (147, N'0475 458 290')
INSERT [dbo].[Owners] ([ownerID], [contact]) VALUES (148, N'0412 446 793')
INSERT [dbo].[Owners] ([ownerID], [contact]) VALUES (149, N'0408 443 208')
INSERT [dbo].[Owners] ([ownerID], [contact]) VALUES (150, N'0471 456 858')
INSERT [dbo].[Owners] ([ownerID], [contact]) VALUES (151, N'0444 484 904')
INSERT [dbo].[Owners] ([ownerID], [contact]) VALUES (154, N'0463 498 740')
INSERT [dbo].[Owners] ([ownerID], [contact]) VALUES (157, N'0460 449 735')
INSERT [dbo].[Owners] ([ownerID], [contact]) VALUES (161, N'0433 460 424')
INSERT [dbo].[Owners] ([ownerID], [contact]) VALUES (164, N'0431 423 772')
INSERT [dbo].[Owners] ([ownerID], [contact]) VALUES (165, N'0422 435 231')
INSERT [dbo].[Owners] ([ownerID], [contact]) VALUES (166, N'0455 449 118')
INSERT [dbo].[Owners] ([ownerID], [contact]) VALUES (167, N'0403 453 125')
INSERT [dbo].[Owners] ([ownerID], [contact]) VALUES (168, N'0478 463 530')
INSERT [dbo].[Owners] ([ownerID], [contact]) VALUES (170, N'0418 412 297')
INSERT [dbo].[Owners] ([ownerID], [contact]) VALUES (172, N'0428 439 594')
INSERT [dbo].[Owners] ([ownerID], [contact]) VALUES (173, N'0496 443 926')
INSERT [dbo].[Owners] ([ownerID], [contact]) VALUES (174, N'0425 468 239')
INSERT [dbo].[Owners] ([ownerID], [contact]) VALUES (175, N'0459 436 459')
INSERT [dbo].[Owners] ([ownerID], [contact]) VALUES (176, N'0480 493 735')
INSERT [dbo].[Owners] ([ownerID], [contact]) VALUES (177, N'0479 484 154')
INSERT [dbo].[Owners] ([ownerID], [contact]) VALUES (178, N'0499 446 756')
INSERT [dbo].[Owners] ([ownerID], [contact]) VALUES (179, N'0435 439 968')
INSERT [dbo].[Owners] ([ownerID], [contact]) VALUES (181, N'0447 499 843')
INSERT [dbo].[Owners] ([ownerID], [contact]) VALUES (182, N'0443 447 632')
INSERT [dbo].[Owners] ([ownerID], [contact]) VALUES (183, N'0482 413 967')
INSERT [dbo].[Owners] ([ownerID], [contact]) VALUES (184, N'0476 470 821')
INSERT [dbo].[Owners] ([ownerID], [contact]) VALUES (185, N'0425 455 263')
INSERT [dbo].[Owners] ([ownerID], [contact]) VALUES (186, N'0491 440 705')
INSERT [dbo].[Owners] ([ownerID], [contact]) VALUES (187, N'0401 486 220')
INSERT [dbo].[Owners] ([ownerID], [contact]) VALUES (188, N'0481 480 164')
INSERT [dbo].[Owners] ([ownerID], [contact]) VALUES (189, N'0474 418 673')
INSERT [dbo].[Owners] ([ownerID], [contact]) VALUES (190, N'0417 495 648')
INSERT [dbo].[Owners] ([ownerID], [contact]) VALUES (191, N'0406 420 532')
INSERT [dbo].[Owners] ([ownerID], [contact]) VALUES (192, N'0408 480 855')
INSERT [dbo].[Owners] ([ownerID], [contact]) VALUES (193, N'0481 470 226')
INSERT [dbo].[Owners] ([ownerID], [contact]) VALUES (194, N'0414 403 181')
INSERT [dbo].[Owners] ([ownerID], [contact]) VALUES (195, N'0415 479 234')
INSERT [dbo].[Owners] ([ownerID], [contact]) VALUES (196, N'0496 489 559')
INSERT [dbo].[Owners] ([ownerID], [contact]) VALUES (197, N'0416 433 981')
INSERT [dbo].[Owners] ([ownerID], [contact]) VALUES (199, N'0424 429 184')
INSERT [dbo].[Owners] ([ownerID], [contact]) VALUES (200, N'0480 488 511')
INSERT [dbo].[Owners] ([ownerID], [contact]) VALUES (202, N'0462 409 833')
INSERT [dbo].[Owners] ([ownerID], [contact]) VALUES (203, N'0423 478 173')
INSERT [dbo].[Owners] ([ownerID], [contact]) VALUES (204, N'0476 487 604')
INSERT [dbo].[Owners] ([ownerID], [contact]) VALUES (207, N'0471 473 186')
INSERT [dbo].[Owners] ([ownerID], [contact]) VALUES (209, N'0419 414 116')
INSERT [dbo].[Owners] ([ownerID], [contact]) VALUES (210, N'0411 482 620')
INSERT [dbo].[Owners] ([ownerID], [contact]) VALUES (211, N'0458 436 116')
INSERT [dbo].[Owners] ([ownerID], [contact]) VALUES (215, N'0467 489 901')
INSERT [dbo].[Owners] ([ownerID], [contact]) VALUES (218, N'0494 442 567')
INSERT [dbo].[Owners] ([ownerID], [contact]) VALUES (219, N'0445 471 583')
INSERT [dbo].[Owners] ([ownerID], [contact]) VALUES (220, N'0433 467 766')
INSERT [dbo].[Owners] ([ownerID], [contact]) VALUES (221, N'0405 422 466')
INSERT [dbo].[Owners] ([ownerID], [contact]) VALUES (222, N'0492 458 182')
INSERT [dbo].[Owners] ([ownerID], [contact]) VALUES (223, N'0408 467 115')
INSERT [dbo].[Owners] ([ownerID], [contact]) VALUES (226, N'0457 460 431')
INSERT [dbo].[Owners] ([ownerID], [contact]) VALUES (227, N'0428 402 779')
INSERT [dbo].[Owners] ([ownerID], [contact]) VALUES (228, N'0494 456 215')
INSERT [dbo].[Owners] ([ownerID], [contact]) VALUES (230, N'0449 497 641')
INSERT [dbo].[Owners] ([ownerID], [contact]) VALUES (231, N'0401 499 340')
INSERT [dbo].[Owners] ([ownerID], [contact]) VALUES (232, N'0414 439 221')
INSERT [dbo].[Owners] ([ownerID], [contact]) VALUES (233, N'0469 424 901')
INSERT [dbo].[Owners] ([ownerID], [contact]) VALUES (234, N'0451 478 714')
INSERT [dbo].[Owners] ([ownerID], [contact]) VALUES (238, N'0489 472 563')
INSERT [dbo].[Owners] ([ownerID], [contact]) VALUES (239, N'0474 494 945')
INSERT [dbo].[Owners] ([ownerID], [contact]) VALUES (240, N'0442 496 864')
INSERT [dbo].[Owners] ([ownerID], [contact]) VALUES (241, N'0425 425 599')
INSERT [dbo].[Owners] ([ownerID], [contact]) VALUES (242, N'0469 411 349')
INSERT [dbo].[Owners] ([ownerID], [contact]) VALUES (243, N'0419 426 890')
INSERT [dbo].[Owners] ([ownerID], [contact]) VALUES (244, N'0401 497 832')
INSERT [dbo].[Owners] ([ownerID], [contact]) VALUES (247, N'0401 459 393')
GO
SET IDENTITY_INSERT [dbo].[People] ON 

INSERT [dbo].[People] ([personID], [firstName], [lastName], [addressLine1], [addressLine2]) VALUES (1, N'Sarah', N'Weingarth', N'68 Begley Street', N'STURT, SA 5000')
INSERT [dbo].[People] ([personID], [firstName], [lastName], [addressLine1], [addressLine2]) VALUES (2, N'Adam', N'Croft', N'3 Shannon Court', N'HAWKER, SA 5434')
INSERT [dbo].[People] ([personID], [firstName], [lastName], [addressLine1], [addressLine2]) VALUES (3, N'Makayla', N'Kerferd', N'37 Weigall Avenue', N'MOUNT BRYAN EAST, SA 5419')
INSERT [dbo].[People] ([personID], [firstName], [lastName], [addressLine1], [addressLine2]) VALUES (4, N'Nathan', N'Thompson', N'1 Kaesler Road', N'KRONGART, SA 5278')
INSERT [dbo].[People] ([personID], [firstName], [lastName], [addressLine1], [addressLine2]) VALUES (5, N'Callum', N'McPhee', N'22 Bayview Road', N'COLTON, SA 5670')
INSERT [dbo].[People] ([personID], [firstName], [lastName], [addressLine1], [addressLine2]) VALUES (6, N'Caitlin', N'Stedman', N'20 Main Street', N'HALIDON, SA 5309')
INSERT [dbo].[People] ([personID], [firstName], [lastName], [addressLine1], [addressLine2]) VALUES (7, N'Isaac', N'Permewan', N'80 Hummocky Road', N'CASSINI, SA 5223')
INSERT [dbo].[People] ([personID], [firstName], [lastName], [addressLine1], [addressLine2]) VALUES (8, N'Hannah', N'Burrows', N'23 Main Street', N'COPEVILLE, SA 5308')
INSERT [dbo].[People] ([personID], [firstName], [lastName], [addressLine1], [addressLine2]) VALUES (9, N'Dominic', N'Halley', N'3 Woolnough Road', N'GLENALTA, SA 5052')
INSERT [dbo].[People] ([personID], [firstName], [lastName], [addressLine1], [addressLine2]) VALUES (10, N'Spencer', N'Bavin', N'88 Thule Drive', N'NGAPALA, SA 5374')
INSERT [dbo].[People] ([personID], [firstName], [lastName], [addressLine1], [addressLine2]) VALUES (11, N'Regina', N'Rhodes', N'55 Wood Terrace', N'NORTH ADELAIDE, SA 5006')
INSERT [dbo].[People] ([personID], [firstName], [lastName], [addressLine1], [addressLine2]) VALUES (12, N'Roth', N'Barlow', N'1 Renown Place', N'NORTH ADELAIDE, SA 5006')
INSERT [dbo].[People] ([personID], [firstName], [lastName], [addressLine1], [addressLine2]) VALUES (13, N'Helen', N'Rodriquez', N'8 Brookside Street', N'ST AGNES, SA 5097')
INSERT [dbo].[People] ([personID], [firstName], [lastName], [addressLine1], [addressLine2]) VALUES (14, N'Keaton', N'Owen', N'15 Gawler Road', N'PARAFIELD AIRPORT, SA 5106')
INSERT [dbo].[People] ([personID], [firstName], [lastName], [addressLine1], [addressLine2]) VALUES (15, N'Candice', N'Gillespie', N'395 Esplanade ', N'MOUNT BARKER, SA 5251')
INSERT [dbo].[People] ([personID], [firstName], [lastName], [addressLine1], [addressLine2]) VALUES (16, N'Dorothy', N'Patel', N'49 Grandview Grove', N'MOUNT BARKER, SA 5251')
INSERT [dbo].[People] ([personID], [firstName], [lastName], [addressLine1], [addressLine2]) VALUES (17, N'Audrey', N'Erickson', N'65 Emmett Road', N'HENLEY BEACH, SA 5022')
INSERT [dbo].[People] ([personID], [firstName], [lastName], [addressLine1], [addressLine2]) VALUES (18, N'Michael', N'Norman', N'32 Melville Road', N'O''SULLIVAN BEACH, SA 5166')
INSERT [dbo].[People] ([personID], [firstName], [lastName], [addressLine1], [addressLine2]) VALUES (19, N'Marshall', N'Castillo', N'1 First Street', N'CHRISTIES BEACH, SA 5165')
INSERT [dbo].[People] ([personID], [firstName], [lastName], [addressLine1], [addressLine2]) VALUES (20, N'Dakota', N'Smith', N'14 Broad Street', N'GAWLER BELT, SA 5118')
INSERT [dbo].[People] ([personID], [firstName], [lastName], [addressLine1], [addressLine2]) VALUES (21, N'Mira', N'Love', N'14 Albert Street', N'TAILEM BEND, SA 5259')
INSERT [dbo].[People] ([personID], [firstName], [lastName], [addressLine1], [addressLine2]) VALUES (22, N'Lois', N'Reilly', N'17 Old Kapunda Road', N'MOUNT BURR, SA 5279')
INSERT [dbo].[People] ([personID], [firstName], [lastName], [addressLine1], [addressLine2]) VALUES (23, N'Iola', N'Chen', N'11 Wigglow Rd', N'GEPPS CROSS, SA 5094')
INSERT [dbo].[People] ([personID], [firstName], [lastName], [addressLine1], [addressLine2]) VALUES (24, N'Noble', N'Eaton', N'11 Saarinen Avenue', N'CHRISTIE DOWNS, SA 5164')
INSERT [dbo].[People] ([personID], [firstName], [lastName], [addressLine1], [addressLine2]) VALUES (25, N'Isaiah', N'Knox', N'12 Annie Terrace', N'SURREY DOWNS, SA 5126')
INSERT [dbo].[People] ([personID], [firstName], [lastName], [addressLine1], [addressLine2]) VALUES (26, N'Holmes', N'Oconnor', N'53 Galloway Road', N'ROXBY DOWNS, SA 5725')
INSERT [dbo].[People] ([personID], [firstName], [lastName], [addressLine1], [addressLine2]) VALUES (27, N'Barry', N'Morse', N'44 somwehre Lane', N'ELIZABETH DOWNS, SA 5113')
INSERT [dbo].[People] ([personID], [firstName], [lastName], [addressLine1], [addressLine2]) VALUES (28, N'Sandra', N'Walls', N'5 Dolan Street', N'CHRISTIE DOWNS, SA 5164')
INSERT [dbo].[People] ([personID], [firstName], [lastName], [addressLine1], [addressLine2]) VALUES (29, N'Portia', N'Jones', N'10 Ina Avenue', N'SALISBURY EAST, SA 5109')
INSERT [dbo].[People] ([personID], [firstName], [lastName], [addressLine1], [addressLine2]) VALUES (30, N'Victoria', N'Ruiz', N'78 Portrush Road', N'SALISBURY EAST, SA 5109')
INSERT [dbo].[People] ([personID], [firstName], [lastName], [addressLine1], [addressLine2]) VALUES (31, N'Althea', N'Garrett', N'13 Wasleys Road', N'SALISBURY EAST, SA 5109')
INSERT [dbo].[People] ([personID], [firstName], [lastName], [addressLine1], [addressLine2]) VALUES (32, N'Ray', N'Spencer', N'1 1st Street', N'SALISBURY EAST, SA 5109')
INSERT [dbo].[People] ([personID], [firstName], [lastName], [addressLine1], [addressLine2]) VALUES (33, N'Ivory', N'Conner', N'42 story Road', N'MOUNT GAMBIER, SA 5290')
INSERT [dbo].[People] ([personID], [firstName], [lastName], [addressLine1], [addressLine2]) VALUES (34, N'Jennifer', N'Stone', N'1180 Grand Junction Road', N'WINDSOR GARDENS, SA 5087')
INSERT [dbo].[People] ([personID], [firstName], [lastName], [addressLine1], [addressLine2]) VALUES (35, N'Lionel', N'Diaz', N'39A Jetty Street', N'WINDSOR GARDENS, SA 5087')
INSERT [dbo].[People] ([personID], [firstName], [lastName], [addressLine1], [addressLine2]) VALUES (36, N'Ali', N'Chandler', N'5 Trafford Street', N'TOORAK GARDENS, SA 5065')
INSERT [dbo].[People] ([personID], [firstName], [lastName], [addressLine1], [addressLine2]) VALUES (37, N'Barrett', N'Johns', N'14 Abernethy Avenue', N'WOODVILLE GARDENS, SA 5012')
INSERT [dbo].[People] ([personID], [firstName], [lastName], [addressLine1], [addressLine2]) VALUES (38, N'Lacy', N'Barnett', N'25 Fourth Avenue', N'PARAFIELD GARDENS, SA 5107')
INSERT [dbo].[People] ([personID], [firstName], [lastName], [addressLine1], [addressLine2]) VALUES (39, N'Vielka', N'Rocha', N'9 Ormonde Avenue', N'CLARENCE GARDENS, SA 5039')
INSERT [dbo].[People] ([personID], [firstName], [lastName], [addressLine1], [addressLine2]) VALUES (40, N'Iris', N'Gutierrez', N' Cudmore Terrace', N'ELIZABETH GROVE, SA 5112')
INSERT [dbo].[People] ([personID], [firstName], [lastName], [addressLine1], [addressLine2]) VALUES (41, N'Adara', N'Collins', N'11 Avocet Drive', N'HUNTFIELD HEIGHTS, SA 5163')
INSERT [dbo].[People] ([personID], [firstName], [lastName], [addressLine1], [addressLine2]) VALUES (42, N'Carla', N'Barr', N'96 Byrnes Road', N'BELLEVUE HEIGHTS, SA 5050')
INSERT [dbo].[People] ([personID], [firstName], [lastName], [addressLine1], [addressLine2]) VALUES (43, N'Chester', N'Clayton', N'19 Lincoln Avenue', N'SEACOMBE HEIGHTS, SA 5047')
INSERT [dbo].[People] ([personID], [firstName], [lastName], [addressLine1], [addressLine2]) VALUES (44, N'Eliana', N'Lamb', N'10 Vernons Drive', N'FLAGSTAFF HILL, SA 5159')
INSERT [dbo].[People] ([personID], [firstName], [lastName], [addressLine1], [addressLine2]) VALUES (45, N'Hillary', N'Pena', N' Government Road', N'FLAGSTAFF HILL, SA 5159')
INSERT [dbo].[People] ([personID], [firstName], [lastName], [addressLine1], [addressLine2]) VALUES (46, N'Leslie', N'Blackburn', N'4 Coombe Terrace', N'CAPE JERVIS, SA 5204')
INSERT [dbo].[People] ([personID], [firstName], [lastName], [addressLine1], [addressLine2]) VALUES (47, N'Piper', N'Romero', N'5 Shorney Street', N'MAWSON LAKES, SA 5095')
INSERT [dbo].[People] ([personID], [firstName], [lastName], [addressLine1], [addressLine2]) VALUES (48, N'Chantale', N'Guerra', N'1 Prince Street', N'PORT LINCOLN, SA 5607')
INSERT [dbo].[People] ([personID], [firstName], [lastName], [addressLine1], [addressLine2]) VALUES (49, N'Marny', N'Hines', N'11 Callington Road', N'PORT NORLUNGA, SA 5167')
INSERT [dbo].[People] ([personID], [firstName], [lastName], [addressLine1], [addressLine2]) VALUES (50, N'Pandora', N'Riley', N'3 Drummond Avenue', N'ELIZABETH DOWNS, SA 5113')
INSERT [dbo].[People] ([personID], [firstName], [lastName], [addressLine1], [addressLine2]) VALUES (51, N'Ferdinand', N'Stark', N'40 Elizabeth Street', N'EXETER, SA 5019')
INSERT [dbo].[People] ([personID], [firstName], [lastName], [addressLine1], [addressLine2]) VALUES (52, N'Tyrone', N'Hines', N'136 Folland Avenue', N'KIDMAN PARK, SA 5025')
INSERT [dbo].[People] ([personID], [firstName], [lastName], [addressLine1], [addressLine2]) VALUES (53, N'Desiree', N'Reeves', N'43 Cameron Street', N'MAGIL, SA 5072')
INSERT [dbo].[People] ([personID], [firstName], [lastName], [addressLine1], [addressLine2]) VALUES (54, N'Ivy', N'Tyler', N'14 Ridley Grove', N'GILBERTON, SA 5081')
INSERT [dbo].[People] ([personID], [firstName], [lastName], [addressLine1], [addressLine2]) VALUES (55, N'Althea', N'Short', N'2 Evans Street', N'GILBERTON, SA 5081')
INSERT [dbo].[People] ([personID], [firstName], [lastName], [addressLine1], [addressLine2]) VALUES (56, N'Samuel', N'Rodgers', N'34 Dewrang Avenue', N'HYDE PARK, SA 5061')
INSERT [dbo].[People] ([personID], [firstName], [lastName], [addressLine1], [addressLine2]) VALUES (57, N'Hiroko', N'Kemp', N'19 Gordon Street', N'ELIZABETH DOWNS, SA 5113')
INSERT [dbo].[People] ([personID], [firstName], [lastName], [addressLine1], [addressLine2]) VALUES (58, N'Lars', N'Davidson', N'11 North Terrace', N'TROTT PARK, SA 5158')
INSERT [dbo].[People] ([personID], [firstName], [lastName], [addressLine1], [addressLine2]) VALUES (59, N'Julian', N'Humphrey', N'2 Hooke Road', N'ALBERT PARK, SA 5014')
INSERT [dbo].[People] ([personID], [firstName], [lastName], [addressLine1], [addressLine2]) VALUES (60, N'Perry', N'Sears', N'9 Stonyfell Road', N'ALBERT PARK, SA 5014')
INSERT [dbo].[People] ([personID], [firstName], [lastName], [addressLine1], [addressLine2]) VALUES (61, N'Lois', N'Stanley', N'9 Amy Street', N'BEDFORD PARK, SA 5042')
INSERT [dbo].[People] ([personID], [firstName], [lastName], [addressLine1], [addressLine2]) VALUES (62, N'Hall', N'Merritt', N'589 Grand Junction Road', N'LIGHT PASS, SA 5355')
INSERT [dbo].[People] ([personID], [firstName], [lastName], [addressLine1], [addressLine2]) VALUES (63, N'Ian', N'Powell', N'27 Charles Street', N'ANNA CREEK, SA 5723')
INSERT [dbo].[People] ([personID], [firstName], [lastName], [addressLine1], [addressLine2]) VALUES (64, N'Casey', N'Harris', N'70 One Tree Hill Road', N'PORT PIRIE, SA 5540')
INSERT [dbo].[People] ([personID], [firstName], [lastName], [addressLine1], [addressLine2]) VALUES (65, N'Quintessa', N'Stark', N'24 Keller Road', N'PORT PIRIE, SA 5540')
INSERT [dbo].[People] ([personID], [firstName], [lastName], [addressLine1], [addressLine2]) VALUES (66, N'Tatyana', N'Keith', N'14 Godley Street', N'EDEN VALLEY, SA 5235')
INSERT [dbo].[People] ([personID], [firstName], [lastName], [addressLine1], [addressLine2]) VALUES (67, N'Lydia', N'Martinez', N'12 Carob Way', N'FINDON, SA 5023')
INSERT [dbo].[People] ([personID], [firstName], [lastName], [addressLine1], [addressLine2]) VALUES (68, N'Kurt', N'Kumar', N'59 South Creek Drive', N'FINDON, SA 5023')
INSERT [dbo].[People] ([personID], [firstName], [lastName], [addressLine1], [addressLine2]) VALUES (69, N'Melvin', N'Nara', N'5 Scenic Court', N'FINDON, SA 5023')
INSERT [dbo].[People] ([personID], [firstName], [lastName], [addressLine1], [addressLine2]) VALUES (70, N'Donna', N'Lal', N'57 Peachwillow Street', N'FINDON, SA 5023')
INSERT [dbo].[People] ([personID], [firstName], [lastName], [addressLine1], [addressLine2]) VALUES (71, N'Suzanne', N'Zhang', N'76 Scenic Ave.', N'FINDON, SA 5023')
INSERT [dbo].[People] ([personID], [firstName], [lastName], [addressLine1], [addressLine2]) VALUES (72, N'Alvin', N'Jai', N'49 Morning Glory Dr.', N'FINDON, SA 5023')
INSERT [dbo].[People] ([personID], [firstName], [lastName], [addressLine1], [addressLine2]) VALUES (73, N'Jake', N'Guo', N'7 Pheasant Circle', N'FINDON, SA 5023')
INSERT [dbo].[People] ([personID], [firstName], [lastName], [addressLine1], [addressLine2]) VALUES (74, N'Glenn', N'Liu', N'106 St. Michael Drive', N'FINDON, SA 5023')
INSERT [dbo].[People] ([personID], [firstName], [lastName], [addressLine1], [addressLine2]) VALUES (75, N'Claudia', N'Chen', N'55 Colfax Street', N'FINDON, SA 5023')
INSERT [dbo].[People] ([personID], [firstName], [lastName], [addressLine1], [addressLine2]) VALUES (76, N'Kristine', N'Gill', N'9 Worth Court', N'FINDON, SA 5023')
INSERT [dbo].[People] ([personID], [firstName], [lastName], [addressLine1], [addressLine2]) VALUES (77, N'Ramon', N'He', N'6 Dublin Court', N'FINDON, SA 5023')
INSERT [dbo].[People] ([personID], [firstName], [lastName], [addressLine1], [addressLine2]) VALUES (78, N'Steve', N'Liu', N'99 Azalea Avenue', N'FINDON, SA 5023')
INSERT [dbo].[People] ([personID], [firstName], [lastName], [addressLine1], [addressLine2]) VALUES (79, N'Julio', N'Hernandez', N'137 Alovera Road', N'FINDON, SA 5023')
INSERT [dbo].[People] ([personID], [firstName], [lastName], [addressLine1], [addressLine2]) VALUES (80, N'Jaime', N'Hernandez', N'128 Entrada Circle', N'FINDON, SA 5023')
INSERT [dbo].[People] ([personID], [firstName], [lastName], [addressLine1], [addressLine2]) VALUES (81, N'Jaime', N'Navarro', N'65 Bell Dr.', N'FINDON, SA 5023')
INSERT [dbo].[People] ([personID], [firstName], [lastName], [addressLine1], [addressLine2]) VALUES (82, N'Adrienne', N'Ruiz', N'84 St. Paul Way', N'FINDON, SA 5023')
INSERT [dbo].[People] ([personID], [firstName], [lastName], [addressLine1], [addressLine2]) VALUES (83, N'Mallory', N'Gomez', N'121 San View Way', N'FINDON, SA 5023')
INSERT [dbo].[People] ([personID], [firstName], [lastName], [addressLine1], [addressLine2]) VALUES (84, N'Ann', N'Madan', N'10 Hawes Street', N'FINDON, SA 5023')
INSERT [dbo].[People] ([personID], [firstName], [lastName], [addressLine1], [addressLine2]) VALUES (85, N'Tammy', N'Arthur', N'128 Sandalwood Dr.', N'FINDON, SA 5023')
INSERT [dbo].[People] ([personID], [firstName], [lastName], [addressLine1], [addressLine2]) VALUES (86, N'Michele', N'Luo', N'129 Shenandoah Dr.', N'FINDON, SA 5023')
INSERT [dbo].[People] ([personID], [firstName], [lastName], [addressLine1], [addressLine2]) VALUES (87, N'Michele', N'Raji', N'111 Deercreek Ln', N'FINDON, SA 5023')
INSERT [dbo].[People] ([personID], [firstName], [lastName], [addressLine1], [addressLine2]) VALUES (88, N'Damien', N'Zhu', N'68 Vista Ave.', N'FINDON, SA 5023')
INSERT [dbo].[People] ([personID], [firstName], [lastName], [addressLine1], [addressLine2]) VALUES (89, N'Ashlee', N'Tang', N'34 Vista Diablo', N'FINDON, SA 5023')
INSERT [dbo].[People] ([personID], [firstName], [lastName], [addressLine1], [addressLine2]) VALUES (90, N'Gilbert', N'Liang', N'63 Darlene Drive', N'FINDON, SA 5023')
INSERT [dbo].[People] ([personID], [firstName], [lastName], [addressLine1], [addressLine2]) VALUES (91, N'Jaime', N'Deng', N'32 Coldwater Drive', N'FINDON, SA 5023')
INSERT [dbo].[People] ([personID], [firstName], [lastName], [addressLine1], [addressLine2]) VALUES (92, N'Carolyn', N'Vazquez', N'129 Darnett Circle', N'FINDON, SA 5023')
INSERT [dbo].[People] ([personID], [firstName], [lastName], [addressLine1], [addressLine2]) VALUES (93, N'Jay', N'Martinez', N'91 Clyde Street', N'FINDON, SA 5023')
INSERT [dbo].[People] ([personID], [firstName], [lastName], [addressLine1], [addressLine2]) VALUES (94, N'Tabitha', N'Gomez', N'67 Roanwood Way', N'FINDON, SA 5023')
INSERT [dbo].[People] ([personID], [firstName], [lastName], [addressLine1], [addressLine2]) VALUES (95, N'Kari', N'Sai', N'55 C Wharton Way', N'FINDON, SA 5023')
INSERT [dbo].[People] ([personID], [firstName], [lastName], [addressLine1], [addressLine2]) VALUES (96, N'Arturo', N'Chande', N'1 Bayview Court', N'FINDON, SA 5023')
INSERT [dbo].[People] ([personID], [firstName], [lastName], [addressLine1], [addressLine2]) VALUES (97, N'Kristi', N'Chapman', N'104 Creekside Dr.', N'FINDON, SA 5023')
INSERT [dbo].[People] ([personID], [firstName], [lastName], [addressLine1], [addressLine2]) VALUES (98, N'Kristi', N'Madan', N'58 Palms Dr.', N'FINDON, SA 5023')
INSERT [dbo].[People] ([personID], [firstName], [lastName], [addressLine1], [addressLine2]) VALUES (99, N'Arturo', N'Raji', N'138 W. Cypress Road', N'FINDON, SA 5023')
GO
INSERT [dbo].[People] ([personID], [firstName], [lastName], [addressLine1], [addressLine2]) VALUES (100, N'Arthur', N'Prasad', N'9 Gordon Court', N'FINDON, SA 5023')
INSERT [dbo].[People] ([personID], [firstName], [lastName], [addressLine1], [addressLine2]) VALUES (101, N'Alisha', N'Chander', N'4 Wildbrook Court', N'FINDON, SA 5023')
INSERT [dbo].[People] ([personID], [firstName], [lastName], [addressLine1], [addressLine2]) VALUES (102, N'Warren', N'Zeng', N'16 Monterey Ave.', N'FINDON, SA 5023')
INSERT [dbo].[People] ([personID], [firstName], [lastName], [addressLine1], [addressLine2]) VALUES (103, N'Clayton', N'Chen', N'41 Dale Pl.', N'FINDON, SA 5023')
INSERT [dbo].[People] ([personID], [firstName], [lastName], [addressLine1], [addressLine2]) VALUES (104, N'Clayton', N'Jai', N'116 Amaranth Way', N'FINDON, SA 5023')
INSERT [dbo].[People] ([personID], [firstName], [lastName], [addressLine1], [addressLine2]) VALUES (105, N'Rafael', N'Lal', N'6 Terra Grand Court', N'FINDON, SA 5023')
INSERT [dbo].[People] ([personID], [firstName], [lastName], [addressLine1], [addressLine2]) VALUES (106, N'Rafael', N'Andersen', N'8 Morello Court', N'FINDON, SA 5023')
INSERT [dbo].[People] ([personID], [firstName], [lastName], [addressLine1], [addressLine2]) VALUES (107, N'Louis', N'Sun', N'49 Mt Hood Way', N'FINDON, SA 5023')
INSERT [dbo].[People] ([personID], [firstName], [lastName], [addressLine1], [addressLine2]) VALUES (108, N'Louis', N'Raje', N'75 Silver Oaks Place', N'FINDON, SA 5023')
INSERT [dbo].[People] ([personID], [firstName], [lastName], [addressLine1], [addressLine2]) VALUES (109, N'Robyn', N'Ramos', N'31 Fern Street', N'FINDON, SA 5023')
INSERT [dbo].[People] ([personID], [firstName], [lastName], [addressLine1], [addressLine2]) VALUES (110, N'Roger', N'Lu', N'37 North Ranchford', N'FINDON, SA 5023')
INSERT [dbo].[People] ([personID], [firstName], [lastName], [addressLine1], [addressLine2]) VALUES (111, N'Willie', N'Johnsen', N'82 Andrea Lane', N'FINDON, SA 5023')
INSERT [dbo].[People] ([personID], [firstName], [lastName], [addressLine1], [addressLine2]) VALUES (112, N'Colin', N'Xu', N'105 Argonne Drive', N'FINDON, SA 5023')
INSERT [dbo].[People] ([personID], [firstName], [lastName], [addressLine1], [addressLine2]) VALUES (113, N'Javier', N'Browning', N'83 Cleveland Ave.', N'FINDON, SA 5023')
INSERT [dbo].[People] ([personID], [firstName], [lastName], [addressLine1], [addressLine2]) VALUES (114, N'Melinda', N'Torres', N'75 The Alameda', N'FINDON, SA 5023')
INSERT [dbo].[People] ([personID], [firstName], [lastName], [addressLine1], [addressLine2]) VALUES (115, N'Lori', N'Navarro', N'140 Serrano Way', N'FINDON, SA 5023')
INSERT [dbo].[People] ([personID], [firstName], [lastName], [addressLine1], [addressLine2]) VALUES (116, N'Danny', N'Diaz', N'70 La Orinda Pl', N'FINDON, SA 5023')
INSERT [dbo].[People] ([personID], [firstName], [lastName], [addressLine1], [addressLine2]) VALUES (117, N'Heidi', N'Gonzalez', N'17 Aspect Dr', N'FINDON, SA 5023')
INSERT [dbo].[People] ([personID], [firstName], [lastName], [addressLine1], [addressLine2]) VALUES (118, N'Rachael', N'Raman', N'5 Pierce Court', N'FINDON, SA 5023')
INSERT [dbo].[People] ([personID], [firstName], [lastName], [addressLine1], [addressLine2]) VALUES (119, N'Marc', N'Diaz', N'130 Cordova Way', N'FINDON, SA 5023')
INSERT [dbo].[People] ([personID], [firstName], [lastName], [addressLine1], [addressLine2]) VALUES (120, N'Kellie', N'Dominguez', N'55 Cape Cod Way', N'FINDON, SA 5023')
INSERT [dbo].[People] ([personID], [firstName], [lastName], [addressLine1], [addressLine2]) VALUES (121, N'Kristopher', N'Srini', N'108 Pine Valley Road', N'FINDON, SA 5023')
INSERT [dbo].[People] ([personID], [firstName], [lastName], [addressLine1], [addressLine2]) VALUES (122, N'Gloria', N'Diaz', N'84 La Vuelta', N'FINDON, SA 5023')
INSERT [dbo].[People] ([personID], [firstName], [lastName], [addressLine1], [addressLine2]) VALUES (123, N'Gloria', N'Alonso', N'81 Mt. Etna Drive', N'FINDON, SA 5023')
INSERT [dbo].[People] ([personID], [firstName], [lastName], [addressLine1], [addressLine2]) VALUES (124, N'Melody', N'Moreno', N'142 V St.', N'FINDON, SA 5023')
INSERT [dbo].[People] ([personID], [firstName], [lastName], [addressLine1], [addressLine2]) VALUES (125, N'Krystal', N'Zeng', N'103 Country View', N'FINDON, SA 5023')
INSERT [dbo].[People] ([personID], [firstName], [lastName], [addressLine1], [addressLine2]) VALUES (126, N'Valerie', N'She', N'15 Roskelley Dr.', N'FINDON, SA 5023')
INSERT [dbo].[People] ([personID], [firstName], [lastName], [addressLine1], [addressLine2]) VALUES (127, N'Brittney', N'Sun', N'148 Gladstone Drive', N'FINDON, SA 5023')
INSERT [dbo].[People] ([personID], [firstName], [lastName], [addressLine1], [addressLine2]) VALUES (128, N'Susan', N'Lu', N'87 Premier Place', N'FINDON, SA 5023')
INSERT [dbo].[People] ([personID], [firstName], [lastName], [addressLine1], [addressLine2]) VALUES (129, N'Jorge', N'Yang', N'23 Cape Cod', N'FINDON, SA 5023')
INSERT [dbo].[People] ([personID], [firstName], [lastName], [addressLine1], [addressLine2]) VALUES (130, N'Brandy', N'Fernandez', N'146 Courthouse Drive', N'FINDON, SA 5023')
INSERT [dbo].[People] ([personID], [firstName], [lastName], [addressLine1], [addressLine2]) VALUES (131, N'Chelsea', N'Mehta', N'76 Edwards Ave.', N'FINDON, SA 5023')
INSERT [dbo].[People] ([personID], [firstName], [lastName], [addressLine1], [addressLine2]) VALUES (132, N'Veronica', N'Gonzalez', N'127 Northwood Drive', N'FINDON, SA 5023')
INSERT [dbo].[People] ([personID], [firstName], [lastName], [addressLine1], [addressLine2]) VALUES (133, N'Shane', N'Gonzalez', N'57 Detroit Ave', N'FINDON, SA 5023')
INSERT [dbo].[People] ([personID], [firstName], [lastName], [addressLine1], [addressLine2]) VALUES (134, N'Douglas', N'Subram', N'148 Galindo Street', N'FINDON, SA 5023')
INSERT [dbo].[People] ([personID], [firstName], [lastName], [addressLine1], [addressLine2]) VALUES (135, N'Douglas', N'Martinez', N'28 Blackridge Drive', N'FINDON, SA 5023')
INSERT [dbo].[People] ([personID], [firstName], [lastName], [addressLine1], [addressLine2]) VALUES (136, N'Cassandra', N'Subram', N'13 Water St.', N'FINDON, SA 5023')
INSERT [dbo].[People] ([personID], [firstName], [lastName], [addressLine1], [addressLine2]) VALUES (137, N'Alicia', N'Yuan', N'5 Lane Way', N'FINDON, SA 5023')
INSERT [dbo].[People] ([personID], [firstName], [lastName], [addressLine1], [addressLine2]) VALUES (138, N'Phillip', N'Suri', N' Monetary Way', N'FINDON, SA 5023')
INSERT [dbo].[People] ([personID], [firstName], [lastName], [addressLine1], [addressLine2]) VALUES (139, N'George', N'Sara', N' Madhatter Circle', N'FINDON, SA 5023')
INSERT [dbo].[People] ([personID], [firstName], [lastName], [addressLine1], [addressLine2]) VALUES (140, N'George', N'Lopez', N' Macaroon Drive', N'FINDON, SA 5023')
INSERT [dbo].[People] ([personID], [firstName], [lastName], [addressLine1], [addressLine2]) VALUES (141, N'Shawn', N'Chander', N' Saddlehill Lane', N'FINDON, SA 5023')
INSERT [dbo].[People] ([personID], [firstName], [lastName], [addressLine1], [addressLine2]) VALUES (142, N'Crystal', N'Zhao', N' Dias Court', N'FINDON, SA 5023')
INSERT [dbo].[People] ([personID], [firstName], [lastName], [addressLine1], [addressLine2]) VALUES (143, N'Kai', N'Parks', N'72 Park Lake Boulevard', N'WOODVILLE, SA 5011')
INSERT [dbo].[People] ([personID], [firstName], [lastName], [addressLine1], [addressLine2]) VALUES (144, N'Chava', N'Shannon', N'11 High Street', N'WOODVILLE, SA 5011')
INSERT [dbo].[People] ([personID], [firstName], [lastName], [addressLine1], [addressLine2]) VALUES (145, N'Kiona', N'Jarvis', N'23 Barassi Street', N'EXETER, SA 5019')
INSERT [dbo].[People] ([personID], [firstName], [lastName], [addressLine1], [addressLine2]) VALUES (146, N'Ray', N'Schneider', N'17A Regent Place', N'GLYNDE, SA 5070')
INSERT [dbo].[People] ([personID], [firstName], [lastName], [addressLine1], [addressLine2]) VALUES (147, N'Ray', N'Haynes', N'4 Majorca Road', N'WHYALLA STUART, SA 5608')
INSERT [dbo].[People] ([personID], [firstName], [lastName], [addressLine1], [addressLine2]) VALUES (148, N'Petra', N'Blake', N'3 York Drive', N'MYPONGA, SA 5202')
INSERT [dbo].[People] ([personID], [firstName], [lastName], [addressLine1], [addressLine2]) VALUES (149, N'Buckminster', N'Howe', N'76 Illyarrie Avenue', N'WOODSIDE, SA 5244')
INSERT [dbo].[People] ([personID], [firstName], [lastName], [addressLine1], [addressLine2]) VALUES (150, N'Angelica', N'Walls', N'12 Kentish Road', N'ANGLE VALE, SA 5117')
INSERT [dbo].[People] ([personID], [firstName], [lastName], [addressLine1], [addressLine2]) VALUES (151, N'Desiree', N'Boyer', N'16 Milton Street', N'ELIZABETH GROVE, SA 5112')
INSERT [dbo].[People] ([personID], [firstName], [lastName], [addressLine1], [addressLine2]) VALUES (152, N'Aretha', N'Ellison', N'15 East Terrace', N'HOPE VALLEY, SA 5090')
INSERT [dbo].[People] ([personID], [firstName], [lastName], [addressLine1], [addressLine2]) VALUES (153, N'Tobias', N'Callahan', N'58 Queen Street', N'LYNDOCH, SA 5351')
INSERT [dbo].[People] ([personID], [firstName], [lastName], [addressLine1], [addressLine2]) VALUES (154, N'Hop', N'Anderson', N'12 Tonkin Street', N'DUBLIN, SA 5501')
INSERT [dbo].[People] ([personID], [firstName], [lastName], [addressLine1], [addressLine2]) VALUES (155, N'Renee', N'Myers', N'44 Smith Street', N'ELIZABETH DOWNS, SA 5113')
INSERT [dbo].[People] ([personID], [firstName], [lastName], [addressLine1], [addressLine2]) VALUES (156, N'Geoffrey', N'Valenzuela', N'40 Moules Road', N'EDEN VALLEY, SA 5235')
INSERT [dbo].[People] ([personID], [firstName], [lastName], [addressLine1], [addressLine2]) VALUES (157, N'Vaughan', N'Tillman', N'7 Richardson Place', N'SALISBURY EAST, SA 5109')
INSERT [dbo].[People] ([personID], [firstName], [lastName], [addressLine1], [addressLine2]) VALUES (158, N'Yoshio', N'Travis', N'12 Parrys Avenue', N'HILLCREST, SA 5086')
INSERT [dbo].[People] ([personID], [firstName], [lastName], [addressLine1], [addressLine2]) VALUES (159, N'Petra', N'Wise', N'15 Shepherdson Road', N'GLENUNGA, SA 5064')
INSERT [dbo].[People] ([personID], [firstName], [lastName], [addressLine1], [addressLine2]) VALUES (160, N'Kibo', N'Dodson', N'42 The Parade', N'PARALOWIE, SA 5108')
INSERT [dbo].[People] ([personID], [firstName], [lastName], [addressLine1], [addressLine2]) VALUES (161, N'Lucas', N'Spears', N'23 South Terrace', N'NEWTON, SA 5074')
INSERT [dbo].[People] ([personID], [firstName], [lastName], [addressLine1], [addressLine2]) VALUES (162, N'Hamilton', N'Hooper', N'11 Meeowwe Road', N'ARCOONA, SA 5720')
INSERT [dbo].[People] ([personID], [firstName], [lastName], [addressLine1], [addressLine2]) VALUES (163, N'Helen', N'Lindsey', N'19 Montana Drive', N'TOORAK GARDENS, SA 5065')
INSERT [dbo].[People] ([personID], [firstName], [lastName], [addressLine1], [addressLine2]) VALUES (164, N'Rudyard', N'Green', N'13 Wavely Street', N'ADELAIDE, SA 5001')
INSERT [dbo].[People] ([personID], [firstName], [lastName], [addressLine1], [addressLine2]) VALUES (165, N'Darius', N'Wiley', N'24 Booth Street', N'PINKERTON PLAINS, SA 5400')
INSERT [dbo].[People] ([personID], [firstName], [lastName], [addressLine1], [addressLine2]) VALUES (166, N'Orli', N'Chapman', N'1 North Terrace', N'STONE WELL, SA 5352')
INSERT [dbo].[People] ([personID], [firstName], [lastName], [addressLine1], [addressLine2]) VALUES (167, N'Jack', N'Alston', N'31 Ascot Avenue', N'CLELAND, SA 5152')
INSERT [dbo].[People] ([personID], [firstName], [lastName], [addressLine1], [addressLine2]) VALUES (168, N'Ronan', N'Rosario', N'31 Unley Road', N'CLELAND, SA 5152')
INSERT [dbo].[People] ([personID], [firstName], [lastName], [addressLine1], [addressLine2]) VALUES (169, N'Kuame', N'Holt', N'9 Heaslip Road', N'CAROLINE, SA 5291')
INSERT [dbo].[People] ([personID], [firstName], [lastName], [addressLine1], [addressLine2]) VALUES (170, N'Gillian', N'Greene', N'17 Elizabeth Road', N'LIGHT PASS, SA 5355')
INSERT [dbo].[People] ([personID], [firstName], [lastName], [addressLine1], [addressLine2]) VALUES (171, N'Kasimir', N'Macdonald', N'5 Bridge Road', N'BIRCHMORE, SA 5223')
INSERT [dbo].[People] ([personID], [firstName], [lastName], [addressLine1], [addressLine2]) VALUES (172, N'Channing', N'Daugherty', N'30 Macdonnell Street', N'CADGEE, SA 5271')
INSERT [dbo].[People] ([personID], [firstName], [lastName], [addressLine1], [addressLine2]) VALUES (173, N'Jeanette', N'Murphy', N'80 Balcombe Avenue', N'STONE WELL, SA 5352')
INSERT [dbo].[People] ([personID], [firstName], [lastName], [addressLine1], [addressLine2]) VALUES (174, N'Charles', N'Farley', N'78-124 Seacombe Road', N'LAURA, SA 5480')
INSERT [dbo].[People] ([personID], [firstName], [lastName], [addressLine1], [addressLine2]) VALUES (175, N'Wanda', N'Browning', N'21-43 Adams Road', N'GLANVILLE, SA 5015')
INSERT [dbo].[People] ([personID], [firstName], [lastName], [addressLine1], [addressLine2]) VALUES (176, N'Darryl', N'Fox', N'45 Way Street', N'TOORAK GARDENS, SA 5065')
INSERT [dbo].[People] ([personID], [firstName], [lastName], [addressLine1], [addressLine2]) VALUES (177, N'Amela', N'Barr', N'14 Winnerah Road', N'BOONERDO, SA 5633')
INSERT [dbo].[People] ([personID], [firstName], [lastName], [addressLine1], [addressLine2]) VALUES (178, N'Abraham', N'Benson', N'27 Norman Street', N'KAROONDA, SA 5307')
INSERT [dbo].[People] ([personID], [firstName], [lastName], [addressLine1], [addressLine2]) VALUES (179, N'Mason', N'French', N'1 Archer Court', N'COWARIE, SA 5733')
INSERT [dbo].[People] ([personID], [firstName], [lastName], [addressLine1], [addressLine2]) VALUES (180, N'Hannah', N'Arnold', N'4 Milner Street', N'KENSINGTON, SA 5068')
INSERT [dbo].[People] ([personID], [firstName], [lastName], [addressLine1], [addressLine2]) VALUES (181, N'Theodore', N'Tyler', N'44 Burnell Road', N'HIGHBURY, SA 5089')
INSERT [dbo].[People] ([personID], [firstName], [lastName], [addressLine1], [addressLine2]) VALUES (182, N'Rebecca', N'Gaines', N'11 Brownhill-Creek Road', N'HYDE PARK, SA 5061')
INSERT [dbo].[People] ([personID], [firstName], [lastName], [addressLine1], [addressLine2]) VALUES (183, N'Lysandra', N'Estes', N'14 Ownes Road', N'NORWARD, SA 5067')
INSERT [dbo].[People] ([personID], [firstName], [lastName], [addressLine1], [addressLine2]) VALUES (184, N'Noelle', N'Savage', N'26 Chapel Street', N'CLAPHAM, SA 5062')
INSERT [dbo].[People] ([personID], [firstName], [lastName], [addressLine1], [addressLine2]) VALUES (185, N'Marsden', N'Forbes', N'5 Centenary Avenue', N'WHYALLA, SA 5600')
INSERT [dbo].[People] ([personID], [firstName], [lastName], [addressLine1], [addressLine2]) VALUES (186, N'Stephen', N'Fowler', N'12 Kittyhawk Lane', N'CAROLINE, SA 5291')
INSERT [dbo].[People] ([personID], [firstName], [lastName], [addressLine1], [addressLine2]) VALUES (187, N'Nasim', N'Delaney', N'49 Trevena Road', N'CAROLINE, SA 5291')
INSERT [dbo].[People] ([personID], [firstName], [lastName], [addressLine1], [addressLine2]) VALUES (188, N'Cody', N'Vaughan', N'1 Research Road', N'BLAKEVIEW, SA 5114')
INSERT [dbo].[People] ([personID], [firstName], [lastName], [addressLine1], [addressLine2]) VALUES (189, N'Alika', N'Payne', N'90 Hart Street', N'MAGIL, SA 5072')
INSERT [dbo].[People] ([personID], [firstName], [lastName], [addressLine1], [addressLine2]) VALUES (190, N'Lisandra', N'Alvarado', N'9 Barley Road', N'HENLEY BEACH, SA 5022')
INSERT [dbo].[People] ([personID], [firstName], [lastName], [addressLine1], [addressLine2]) VALUES (191, N'Steven', N'Barton', N'30 Burgoyne Street', N'BIRCHMORE, SA 5233')
INSERT [dbo].[People] ([personID], [firstName], [lastName], [addressLine1], [addressLine2]) VALUES (192, N'Camille', N'Blake', N'32 Portrush Road', N'JERHICO, SA 5554')
INSERT [dbo].[People] ([personID], [firstName], [lastName], [addressLine1], [addressLine2]) VALUES (193, N'Shelley', N'Mckenzie', N'80 West Terrace', N'FINDON, SA 5023')
INSERT [dbo].[People] ([personID], [firstName], [lastName], [addressLine1], [addressLine2]) VALUES (194, N'Violet', N'Meyer', N'29 Piccadilly Road', N'PARALOWIE, SA 5108')
INSERT [dbo].[People] ([personID], [firstName], [lastName], [addressLine1], [addressLine2]) VALUES (195, N'Jorden', N'Bowers', N'99 Douglas Drive', N'KILBUN, SA 5084')
INSERT [dbo].[People] ([personID], [firstName], [lastName], [addressLine1], [addressLine2]) VALUES (196, N'Roanna', N'Rush', N'57 North Terrace', N'GILLMAN, SA 5013')
INSERT [dbo].[People] ([personID], [firstName], [lastName], [addressLine1], [addressLine2]) VALUES (197, N'Channing', N'Witt', N'43 Port Davis Road', N'WOODVILLE, SA 5011')
INSERT [dbo].[People] ([personID], [firstName], [lastName], [addressLine1], [addressLine2]) VALUES (198, N'William', N'Medina', N'46 Beckman Avenue', N'GLENELG, SA 5045')
INSERT [dbo].[People] ([personID], [firstName], [lastName], [addressLine1], [addressLine2]) VALUES (199, N'Whoopi', N'Trevino', N'71 Shepherdson Road', N'HAHNDORF, SA 5245')
GO
INSERT [dbo].[People] ([personID], [firstName], [lastName], [addressLine1], [addressLine2]) VALUES (200, N'Carly', N'Church', N'5 George Street', N'BEAUMONT, SA 5066')
INSERT [dbo].[People] ([personID], [firstName], [lastName], [addressLine1], [addressLine2]) VALUES (201, N'Jolie', N'Drake', N'9 Snows Road', N'HIGHBURY, SA 5089')
INSERT [dbo].[People] ([personID], [firstName], [lastName], [addressLine1], [addressLine2]) VALUES (202, N'Celeste', N'Raymond', N'51 Braeside Road', N'MINDARIE, SA 5309')
INSERT [dbo].[People] ([personID], [firstName], [lastName], [addressLine1], [addressLine2]) VALUES (203, N'Aurora', N'Randall', N'208 Wattle Street', N'ADELAIDE, SA 5001')
INSERT [dbo].[People] ([personID], [firstName], [lastName], [addressLine1], [addressLine2]) VALUES (204, N'Hayes', N'Contreras', N'19 Paxton Road', N'CHAPEL HILL, SA 5153')
INSERT [dbo].[People] ([personID], [firstName], [lastName], [addressLine1], [addressLine2]) VALUES (205, N'Thomas', N'Crawford', N'150 Belair Road', N'ASHBOURNE, SA 5157')
INSERT [dbo].[People] ([personID], [firstName], [lastName], [addressLine1], [addressLine2]) VALUES (206, N'Selma', N'Owen', N'29 Sargent Parade', N'ALDGATE, SA 5154')
INSERT [dbo].[People] ([personID], [firstName], [lastName], [addressLine1], [addressLine2]) VALUES (207, N'Ashton', N'Hooper', N'2B Dumas Street', N'ASHBOURNE, SA 5157')
INSERT [dbo].[People] ([personID], [firstName], [lastName], [addressLine1], [addressLine2]) VALUES (208, N'Burke', N'Downs', N'5 Sims Road', N'GAWLER BELT, SA 5118')
INSERT [dbo].[People] ([personID], [firstName], [lastName], [addressLine1], [addressLine2]) VALUES (209, N'Kirestin', N'Nixon', N'9 Thomas Drive', N'ADELAIDE, SA 5000')
INSERT [dbo].[People] ([personID], [firstName], [lastName], [addressLine1], [addressLine2]) VALUES (210, N'Porter', N'Harmon', N'15 Butterfield Road', N'CLARENCE PARK, SA 5034')
INSERT [dbo].[People] ([personID], [firstName], [lastName], [addressLine1], [addressLine2]) VALUES (211, N'Todd', N'Glover', N'8 Kromelite Road', N'LOBETHAL, SA 5241')
INSERT [dbo].[People] ([personID], [firstName], [lastName], [addressLine1], [addressLine2]) VALUES (212, N'Ori', N'Hays', N'8 Kirrup Road', N'FINNISS, SA 5255')
INSERT [dbo].[People] ([personID], [firstName], [lastName], [addressLine1], [addressLine2]) VALUES (213, N'Zoe', N'Orr', N'6 Balhannah Road', N'FINDON, SA 5023')
INSERT [dbo].[People] ([personID], [firstName], [lastName], [addressLine1], [addressLine2]) VALUES (214, N'Carl', N'Rivers', N'11 Heard Street', N'NEW WELL, SA 5357')
INSERT [dbo].[People] ([personID], [firstName], [lastName], [addressLine1], [addressLine2]) VALUES (215, N'Jolene', N'Castro', N'12 Rollison Road', N'BRINKWORTH, SA 5464')
INSERT [dbo].[People] ([personID], [firstName], [lastName], [addressLine1], [addressLine2]) VALUES (216, N'Dillon', N'Fields', N'5 Moculta Road', N'CEDUNA, SA 5690')
INSERT [dbo].[People] ([personID], [firstName], [lastName], [addressLine1], [addressLine2]) VALUES (217, N'Marny', N'Doyle', N'19 Vaucluse Crescent', N'COBDOGLA, SA 5346')
INSERT [dbo].[People] ([personID], [firstName], [lastName], [addressLine1], [addressLine2]) VALUES (218, N'Kathleen', N'Barrera', N'11 Brigalow Avenue', N'FIELD, SA 5265')
INSERT [dbo].[People] ([personID], [firstName], [lastName], [addressLine1], [addressLine2]) VALUES (219, N'Lila', N'Richards', N'352 Regency Road', N'OSBORNE, SA 5017')
INSERT [dbo].[People] ([personID], [firstName], [lastName], [addressLine1], [addressLine2]) VALUES (220, N'Fleur', N'Oconnor', N'18-20 Botting Street', N'CHAPEL HILL, SA 5153')
INSERT [dbo].[People] ([personID], [firstName], [lastName], [addressLine1], [addressLine2]) VALUES (221, N'Nadine', N'Dunn', N'180 Tapleys Hill Road', N'BLAKEVIEW, SA 5114')
INSERT [dbo].[People] ([personID], [firstName], [lastName], [addressLine1], [addressLine2]) VALUES (222, N'Cally', N'Huber', N'15 Renwick Street', N'ADELAIDE, SA 5000')
INSERT [dbo].[People] ([personID], [firstName], [lastName], [addressLine1], [addressLine2]) VALUES (223, N'Chava', N'Terry', N'42 Benny Avenue', N'MONTACUTE, SA 5134')
INSERT [dbo].[People] ([personID], [firstName], [lastName], [addressLine1], [addressLine2]) VALUES (224, N'Nash', N'Rasmussen', N'9 Main Street', N'BALGOWAN, SA 5573')
INSERT [dbo].[People] ([personID], [firstName], [lastName], [addressLine1], [addressLine2]) VALUES (225, N'William', N'Hubbard', N'6 May Crescent', N'BIRDWOOD, SA 5234')
INSERT [dbo].[People] ([personID], [firstName], [lastName], [addressLine1], [addressLine2]) VALUES (226, N'Basia', N'Albert', N'45 Dinwoodie Avenue', N'INGLEWOOD, SA 5133')
INSERT [dbo].[People] ([personID], [firstName], [lastName], [addressLine1], [addressLine2]) VALUES (227, N'Jamal', N'Oliver', N'1 Silicate Avenue', N'HOPE FOREST, SA 5172')
INSERT [dbo].[People] ([personID], [firstName], [lastName], [addressLine1], [addressLine2]) VALUES (228, N'Shad', N'Spears', N'2 Lokan Street', N'FORRESTON, SA 5233')
INSERT [dbo].[People] ([personID], [firstName], [lastName], [addressLine1], [addressLine2]) VALUES (229, N'Christine', N'Spears', N'2 Lokan Street', N'FORRESTON, SA 5233')
INSERT [dbo].[People] ([personID], [firstName], [lastName], [addressLine1], [addressLine2]) VALUES (230, N'Jamie', N'Zhu', N'105 Rolling Green Road', N'FINDON, SA 5023')
INSERT [dbo].[People] ([personID], [firstName], [lastName], [addressLine1], [addressLine2]) VALUES (231, N'Harold', N'Rodriguez', N'129 Apple Drive', N'FINDON, SA 5023')
INSERT [dbo].[People] ([personID], [firstName], [lastName], [addressLine1], [addressLine2]) VALUES (232, N'Jarrod', N'Chandra', N'42 Ban Bridge Place', N'FINDON, SA 5023')
INSERT [dbo].[People] ([personID], [firstName], [lastName], [addressLine1], [addressLine2]) VALUES (233, N'Colin', N'Heath', N'129 Darnett Circle', N'FINDON, SA 5023')
INSERT [dbo].[People] ([personID], [firstName], [lastName], [addressLine1], [addressLine2]) VALUES (234, N'Charlotte', N'Hilton', N'11 Brownhill-Creek Road', N'HYDE PARK, SA 5061')
INSERT [dbo].[People] ([personID], [firstName], [lastName], [addressLine1], [addressLine2]) VALUES (235, N'Jenifer', N'Landry', N'19 Paxton Road', N'CHAPEL HILL, SA 5153')
INSERT [dbo].[People] ([personID], [firstName], [lastName], [addressLine1], [addressLine2]) VALUES (236, N'Sofia', N'Lara', N'83 Cleveland Ave.', N'FINDON, SA 5023')
INSERT [dbo].[People] ([personID], [firstName], [lastName], [addressLine1], [addressLine2]) VALUES (237, N'Christian', N'Long', N'105 Rolling Green Road', N'FINDON, SA 5023')
INSERT [dbo].[People] ([personID], [firstName], [lastName], [addressLine1], [addressLine2]) VALUES (238, N'Daron', N'Mayer', N'65 Bell Dr.', N'FINDON, SA 5023')
INSERT [dbo].[People] ([personID], [firstName], [lastName], [addressLine1], [addressLine2]) VALUES (239, N'Kendall', N'Mcconnell', N'352 Regency Road', N'OSBORNE, SA 5017')
INSERT [dbo].[People] ([personID], [firstName], [lastName], [addressLine1], [addressLine2]) VALUES (240, N'Robin', N'Mullen', N'39A Jetty Street', N'WINDSOR GARDENS, SA 5087')
INSERT [dbo].[People] ([personID], [firstName], [lastName], [addressLine1], [addressLine2]) VALUES (241, N'Henrietta', N'Nolan', N'1 Kaesler Road', N'KRONGART, SA 5278')
INSERT [dbo].[People] ([personID], [firstName], [lastName], [addressLine1], [addressLine2]) VALUES (242, N'Jeanette', N'Norton', N'10 Hawes Street', N'FINDON, SA 5023')
INSERT [dbo].[People] ([personID], [firstName], [lastName], [addressLine1], [addressLine2]) VALUES (243, N'Alessandro', N'Obrien', N'142 V St.', N'FINDON, SA 5023')
INSERT [dbo].[People] ([personID], [firstName], [lastName], [addressLine1], [addressLine2]) VALUES (244, N'Lacy', N'Odom', N'75 Silver Oaks Place', N'FINDON, SA 5023')
INSERT [dbo].[People] ([personID], [firstName], [lastName], [addressLine1], [addressLine2]) VALUES (245, N'Jensen', N'O''Sullivan', N'90 Hart Street', N'MAGIL, SA 5072')
INSERT [dbo].[People] ([personID], [firstName], [lastName], [addressLine1], [addressLine2]) VALUES (246, N'Brittney', N'Pollard', N'24 Booth Street', N'PINKERTON PLAINS, SA 5400')
INSERT [dbo].[People] ([personID], [firstName], [lastName], [addressLine1], [addressLine2]) VALUES (247, N'Heidi', N'Reynolds', N'9 Barley Road', N'HENLEY BEACH, SA 5022')
INSERT [dbo].[People] ([personID], [firstName], [lastName], [addressLine1], [addressLine2]) VALUES (248, N'Ana', N'Singh', N'352 Regency Road', N'OSBORNE, SA 5017')
INSERT [dbo].[People] ([personID], [firstName], [lastName], [addressLine1], [addressLine2]) VALUES (249, N'Tommie', N'Zhang', N'6 Terra Grand Court', N'FINDON, SA 5023')
SET IDENTITY_INSERT [dbo].[People] OFF
GO
INSERT [dbo].[Puppies] ([puppyID]) VALUES (5)
INSERT [dbo].[Puppies] ([puppyID]) VALUES (9)
INSERT [dbo].[Puppies] ([puppyID]) VALUES (10)
INSERT [dbo].[Puppies] ([puppyID]) VALUES (16)
INSERT [dbo].[Puppies] ([puppyID]) VALUES (18)
INSERT [dbo].[Puppies] ([puppyID]) VALUES (19)
INSERT [dbo].[Puppies] ([puppyID]) VALUES (26)
INSERT [dbo].[Puppies] ([puppyID]) VALUES (28)
INSERT [dbo].[Puppies] ([puppyID]) VALUES (32)
INSERT [dbo].[Puppies] ([puppyID]) VALUES (46)
INSERT [dbo].[Puppies] ([puppyID]) VALUES (50)
INSERT [dbo].[Puppies] ([puppyID]) VALUES (55)
INSERT [dbo].[Puppies] ([puppyID]) VALUES (59)
INSERT [dbo].[Puppies] ([puppyID]) VALUES (71)
INSERT [dbo].[Puppies] ([puppyID]) VALUES (72)
INSERT [dbo].[Puppies] ([puppyID]) VALUES (75)
INSERT [dbo].[Puppies] ([puppyID]) VALUES (85)
INSERT [dbo].[Puppies] ([puppyID]) VALUES (101)
INSERT [dbo].[Puppies] ([puppyID]) VALUES (302)
INSERT [dbo].[Puppies] ([puppyID]) VALUES (303)
INSERT [dbo].[Puppies] ([puppyID]) VALUES (304)
INSERT [dbo].[Puppies] ([puppyID]) VALUES (305)
INSERT [dbo].[Puppies] ([puppyID]) VALUES (306)
INSERT [dbo].[Puppies] ([puppyID]) VALUES (307)
INSERT [dbo].[Puppies] ([puppyID]) VALUES (308)
INSERT [dbo].[Puppies] ([puppyID]) VALUES (309)
INSERT [dbo].[Puppies] ([puppyID]) VALUES (310)
INSERT [dbo].[Puppies] ([puppyID]) VALUES (311)
INSERT [dbo].[Puppies] ([puppyID]) VALUES (312)
INSERT [dbo].[Puppies] ([puppyID]) VALUES (313)
INSERT [dbo].[Puppies] ([puppyID]) VALUES (314)
INSERT [dbo].[Puppies] ([puppyID]) VALUES (315)
INSERT [dbo].[Puppies] ([puppyID]) VALUES (316)
INSERT [dbo].[Puppies] ([puppyID]) VALUES (317)
INSERT [dbo].[Puppies] ([puppyID]) VALUES (318)
INSERT [dbo].[Puppies] ([puppyID]) VALUES (319)
INSERT [dbo].[Puppies] ([puppyID]) VALUES (320)
INSERT [dbo].[Puppies] ([puppyID]) VALUES (321)
INSERT [dbo].[Puppies] ([puppyID]) VALUES (322)
INSERT [dbo].[Puppies] ([puppyID]) VALUES (323)
INSERT [dbo].[Puppies] ([puppyID]) VALUES (324)
INSERT [dbo].[Puppies] ([puppyID]) VALUES (325)
INSERT [dbo].[Puppies] ([puppyID]) VALUES (326)
INSERT [dbo].[Puppies] ([puppyID]) VALUES (327)
INSERT [dbo].[Puppies] ([puppyID]) VALUES (328)
INSERT [dbo].[Puppies] ([puppyID]) VALUES (329)
INSERT [dbo].[Puppies] ([puppyID]) VALUES (330)
INSERT [dbo].[Puppies] ([puppyID]) VALUES (331)
GO
INSERT [dbo].[Roles] ([roleID], [roleName]) VALUES (N'o', N'Office Worker')
INSERT [dbo].[Roles] ([roleID], [roleName]) VALUES (N't', N'Training Instructor')
INSERT [dbo].[Roles] ([roleID], [roleName]) VALUES (N'v', N'Vet')
INSERT [dbo].[Roles] ([roleID], [roleName]) VALUES (N'n', N'Vetinary Nurse')
GO
SET IDENTITY_INSERT [dbo].[Species] ON 

INSERT [dbo].[Species] ([speciesID], [name], [parentSpeciesID]) VALUES (1, N'Dog', NULL)
INSERT [dbo].[Species] ([speciesID], [name], [parentSpeciesID]) VALUES (2, N'Cat', NULL)
INSERT [dbo].[Species] ([speciesID], [name], [parentSpeciesID]) VALUES (3, N'Labrador Retriever', 1)
INSERT [dbo].[Species] ([speciesID], [name], [parentSpeciesID]) VALUES (4, N'German Shepherd', 1)
INSERT [dbo].[Species] ([speciesID], [name], [parentSpeciesID]) VALUES (5, N'Golden Retriever', 1)
INSERT [dbo].[Species] ([speciesID], [name], [parentSpeciesID]) VALUES (6, N'Bulldog', 1)
INSERT [dbo].[Species] ([speciesID], [name], [parentSpeciesID]) VALUES (7, N'Beagle', 1)
INSERT [dbo].[Species] ([speciesID], [name], [parentSpeciesID]) VALUES (8, N'Poodle', 1)
INSERT [dbo].[Species] ([speciesID], [name], [parentSpeciesID]) VALUES (9, N'Rottweiler', 1)
INSERT [dbo].[Species] ([speciesID], [name], [parentSpeciesID]) VALUES (10, N'Yorkshire Terrier', 1)
INSERT [dbo].[Species] ([speciesID], [name], [parentSpeciesID]) VALUES (11, N'Boxer', 1)
INSERT [dbo].[Species] ([speciesID], [name], [parentSpeciesID]) VALUES (12, N'Dachshund', 1)
INSERT [dbo].[Species] ([speciesID], [name], [parentSpeciesID]) VALUES (13, N'Siberian Husky', 1)
INSERT [dbo].[Species] ([speciesID], [name], [parentSpeciesID]) VALUES (14, N'Doberman Pinscher', 1)
INSERT [dbo].[Species] ([speciesID], [name], [parentSpeciesID]) VALUES (15, N'Great Dane', 1)
INSERT [dbo].[Species] ([speciesID], [name], [parentSpeciesID]) VALUES (16, N'Shih Tzu', 1)
INSERT [dbo].[Species] ([speciesID], [name], [parentSpeciesID]) VALUES (17, N'Pembroke Welsh Corgi', 1)
INSERT [dbo].[Species] ([speciesID], [name], [parentSpeciesID]) VALUES (18, N'Australian Shepherd', 1)
INSERT [dbo].[Species] ([speciesID], [name], [parentSpeciesID]) VALUES (19, N'Miniature Schnauzer', 1)
INSERT [dbo].[Species] ([speciesID], [name], [parentSpeciesID]) VALUES (20, N'Cavalier King Charles Spaniel', 1)
INSERT [dbo].[Species] ([speciesID], [name], [parentSpeciesID]) VALUES (21, N'Shetland Sheepdog', 1)
INSERT [dbo].[Species] ([speciesID], [name], [parentSpeciesID]) VALUES (22, N'Boston Terrier', 1)
INSERT [dbo].[Species] ([speciesID], [name], [parentSpeciesID]) VALUES (23, N'Maltese', 1)
INSERT [dbo].[Species] ([speciesID], [name], [parentSpeciesID]) VALUES (24, N'Weimaraner', 1)
INSERT [dbo].[Species] ([speciesID], [name], [parentSpeciesID]) VALUES (25, N'Basset Hound', 1)
INSERT [dbo].[Species] ([speciesID], [name], [parentSpeciesID]) VALUES (26, N'Australian Cattle Dog', 1)
INSERT [dbo].[Species] ([speciesID], [name], [parentSpeciesID]) VALUES (27, N'Bernese Mountain Dog', 1)
INSERT [dbo].[Species] ([speciesID], [name], [parentSpeciesID]) VALUES (28, N'Mastiff', 1)
INSERT [dbo].[Species] ([speciesID], [name], [parentSpeciesID]) VALUES (29, N'Vizsla', 1)
INSERT [dbo].[Species] ([speciesID], [name], [parentSpeciesID]) VALUES (30, N'Collie', 1)
INSERT [dbo].[Species] ([speciesID], [name], [parentSpeciesID]) VALUES (31, N'Newfoundland', 1)
INSERT [dbo].[Species] ([speciesID], [name], [parentSpeciesID]) VALUES (32, N'Border Collie', 1)
INSERT [dbo].[Species] ([speciesID], [name], [parentSpeciesID]) VALUES (33, N'Rhodesian Ridgeback', 1)
INSERT [dbo].[Species] ([speciesID], [name], [parentSpeciesID]) VALUES (34, N'Chesapeake Bay Retriever', 1)
INSERT [dbo].[Species] ([speciesID], [name], [parentSpeciesID]) VALUES (35, N'West Highland White Terrier', 1)
INSERT [dbo].[Species] ([speciesID], [name], [parentSpeciesID]) VALUES (36, N'Cocker Spaniel', 1)
INSERT [dbo].[Species] ([speciesID], [name], [parentSpeciesID]) VALUES (37, N'Dalmatian', 1)
INSERT [dbo].[Species] ([speciesID], [name], [parentSpeciesID]) VALUES (38, N'Staffordshire Bull Terrier', 1)
INSERT [dbo].[Species] ([speciesID], [name], [parentSpeciesID]) VALUES (39, N'Havanese', 1)
INSERT [dbo].[Species] ([speciesID], [name], [parentSpeciesID]) VALUES (40, N'Bullmastiff', 1)
INSERT [dbo].[Species] ([speciesID], [name], [parentSpeciesID]) VALUES (41, N'Portuguese Water Dog', 1)
INSERT [dbo].[Species] ([speciesID], [name], [parentSpeciesID]) VALUES (42, N'Papillon', 1)
INSERT [dbo].[Species] ([speciesID], [name], [parentSpeciesID]) VALUES (43, N'Bloodhound', 1)
INSERT [dbo].[Species] ([speciesID], [name], [parentSpeciesID]) VALUES (44, N'Akita', 1)
INSERT [dbo].[Species] ([speciesID], [name], [parentSpeciesID]) VALUES (45, N'Whippet', 1)
INSERT [dbo].[Species] ([speciesID], [name], [parentSpeciesID]) VALUES (46, N'Scottish Terrier', 1)
INSERT [dbo].[Species] ([speciesID], [name], [parentSpeciesID]) VALUES (47, N'Alaskan Malamute', 1)
INSERT [dbo].[Species] ([speciesID], [name], [parentSpeciesID]) VALUES (48, N'Samoyed', 1)
INSERT [dbo].[Species] ([speciesID], [name], [parentSpeciesID]) VALUES (49, N'Bull Terrier', 1)
INSERT [dbo].[Species] ([speciesID], [name], [parentSpeciesID]) VALUES (50, N'Old English Sheepdog', 1)
INSERT [dbo].[Species] ([speciesID], [name], [parentSpeciesID]) VALUES (51, N'Greyhound', 1)
INSERT [dbo].[Species] ([speciesID], [name], [parentSpeciesID]) VALUES (52, N'Italian Greyhound', 1)
INSERT [dbo].[Species] ([speciesID], [name], [parentSpeciesID]) VALUES (53, N'Domestic Shorthair', 2)
INSERT [dbo].[Species] ([speciesID], [name], [parentSpeciesID]) VALUES (54, N'Maine Coon', 2)
INSERT [dbo].[Species] ([speciesID], [name], [parentSpeciesID]) VALUES (55, N'Siamese', 2)
INSERT [dbo].[Species] ([speciesID], [name], [parentSpeciesID]) VALUES (56, N'Persian', 2)
INSERT [dbo].[Species] ([speciesID], [name], [parentSpeciesID]) VALUES (57, N'Ragdoll', 2)
INSERT [dbo].[Species] ([speciesID], [name], [parentSpeciesID]) VALUES (58, N'Bengal', 2)
INSERT [dbo].[Species] ([speciesID], [name], [parentSpeciesID]) VALUES (59, N'Sphynx', 2)
INSERT [dbo].[Species] ([speciesID], [name], [parentSpeciesID]) VALUES (60, N'Scottish Fold', 2)
INSERT [dbo].[Species] ([speciesID], [name], [parentSpeciesID]) VALUES (61, N'Abyssinian', 2)
INSERT [dbo].[Species] ([speciesID], [name], [parentSpeciesID]) VALUES (62, N'Burmese', 2)
INSERT [dbo].[Species] ([speciesID], [name], [parentSpeciesID]) VALUES (63, N'Russian Blue', 2)
INSERT [dbo].[Species] ([speciesID], [name], [parentSpeciesID]) VALUES (64, N'British Shorthair', 2)
INSERT [dbo].[Species] ([speciesID], [name], [parentSpeciesID]) VALUES (65, N'Birman', 2)
INSERT [dbo].[Species] ([speciesID], [name], [parentSpeciesID]) VALUES (66, N'Turkish Angora', 2)
INSERT [dbo].[Species] ([speciesID], [name], [parentSpeciesID]) VALUES (67, N'Savannah', 2)
INSERT [dbo].[Species] ([speciesID], [name], [parentSpeciesID]) VALUES (68, N'Norwegian Forest Cat', 2)
INSERT [dbo].[Species] ([speciesID], [name], [parentSpeciesID]) VALUES (69, N'Exotic Shorthair', 2)
INSERT [dbo].[Species] ([speciesID], [name], [parentSpeciesID]) VALUES (70, N'Cornish Rex', 2)
INSERT [dbo].[Species] ([speciesID], [name], [parentSpeciesID]) VALUES (71, N'Devon Rex', 2)
INSERT [dbo].[Species] ([speciesID], [name], [parentSpeciesID]) VALUES (72, N'Manx', 2)
INSERT [dbo].[Species] ([speciesID], [name], [parentSpeciesID]) VALUES (73, N'Oriental', 2)
INSERT [dbo].[Species] ([speciesID], [name], [parentSpeciesID]) VALUES (74, N'Chartreux', 2)
INSERT [dbo].[Species] ([speciesID], [name], [parentSpeciesID]) VALUES (75, N'Himalayan', 2)
INSERT [dbo].[Species] ([speciesID], [name], [parentSpeciesID]) VALUES (76, N'Japanese Bobtail', 2)
INSERT [dbo].[Species] ([speciesID], [name], [parentSpeciesID]) VALUES (77, N'American Shorthair', 2)
INSERT [dbo].[Species] ([speciesID], [name], [parentSpeciesID]) VALUES (78, N'Turkish Van', 2)
INSERT [dbo].[Species] ([speciesID], [name], [parentSpeciesID]) VALUES (79, N'Balinese', 2)
INSERT [dbo].[Species] ([speciesID], [name], [parentSpeciesID]) VALUES (80, N'Bombay', 2)
INSERT [dbo].[Species] ([speciesID], [name], [parentSpeciesID]) VALUES (81, N'Tonkinese', 2)
INSERT [dbo].[Species] ([speciesID], [name], [parentSpeciesID]) VALUES (82, N'Singapura', 2)
INSERT [dbo].[Species] ([speciesID], [name], [parentSpeciesID]) VALUES (83, N'Egyptian Mau', 2)
INSERT [dbo].[Species] ([speciesID], [name], [parentSpeciesID]) VALUES (84, N'Ocicat', 2)
INSERT [dbo].[Species] ([speciesID], [name], [parentSpeciesID]) VALUES (85, N'Somali', 2)
INSERT [dbo].[Species] ([speciesID], [name], [parentSpeciesID]) VALUES (86, N'American Curl', 2)
INSERT [dbo].[Species] ([speciesID], [name], [parentSpeciesID]) VALUES (87, N'Peterbald', 2)
INSERT [dbo].[Species] ([speciesID], [name], [parentSpeciesID]) VALUES (88, N'Scottish Straight', 2)
INSERT [dbo].[Species] ([speciesID], [name], [parentSpeciesID]) VALUES (89, N'Munchkin', 2)
INSERT [dbo].[Species] ([speciesID], [name], [parentSpeciesID]) VALUES (90, N'Selkirk Rex', 2)
INSERT [dbo].[Species] ([speciesID], [name], [parentSpeciesID]) VALUES (91, N'LaPerm', 2)
INSERT [dbo].[Species] ([speciesID], [name], [parentSpeciesID]) VALUES (92, N'Siberian', 2)
INSERT [dbo].[Species] ([speciesID], [name], [parentSpeciesID]) VALUES (93, N'Ragamuffin', 2)
INSERT [dbo].[Species] ([speciesID], [name], [parentSpeciesID]) VALUES (94, N'American Bobtail', 2)
INSERT [dbo].[Species] ([speciesID], [name], [parentSpeciesID]) VALUES (95, N'Egyptian Mau', 2)
INSERT [dbo].[Species] ([speciesID], [name], [parentSpeciesID]) VALUES (96, N'Bombay', 2)
INSERT [dbo].[Species] ([speciesID], [name], [parentSpeciesID]) VALUES (97, N'Siberian Forest Cat', 2)
INSERT [dbo].[Species] ([speciesID], [name], [parentSpeciesID]) VALUES (98, N'Chausie', 2)
INSERT [dbo].[Species] ([speciesID], [name], [parentSpeciesID]) VALUES (99, N'Kurilian Bobtail', 2)
GO
INSERT [dbo].[Species] ([speciesID], [name], [parentSpeciesID]) VALUES (100, N'Ural Rex', 2)
INSERT [dbo].[Species] ([speciesID], [name], [parentSpeciesID]) VALUES (101, N'Aegean Cat', 2)
INSERT [dbo].[Species] ([speciesID], [name], [parentSpeciesID]) VALUES (102, N'Australian Mist', 2)
SET IDENTITY_INSERT [dbo].[Species] OFF
GO
INSERT [dbo].[Staff] ([staffID], [email], [photo], [roleID]) VALUES (1, N'weinsar007@openvcms.com', NULL, N'v')
INSERT [dbo].[Staff] ([staffID], [email], [photo], [roleID]) VALUES (6, N'stedcai017@openvcms.com', NULL, N'v')
INSERT [dbo].[Staff] ([staffID], [email], [photo], [roleID]) VALUES (10, N'bavispe011@openvcms.com', NULL, N'o')
INSERT [dbo].[Staff] ([staffID], [email], [photo], [roleID]) VALUES (15, N'gillcan020@openvcms.com', NULL, N'n')
INSERT [dbo].[Staff] ([staffID], [email], [photo], [roleID]) VALUES (28, N'wallsan018@openvcms.com', NULL, N'n')
INSERT [dbo].[Staff] ([staffID], [email], [photo], [roleID]) VALUES (30, N'ruizvic001@openvcms.com', NULL, N'n')
INSERT [dbo].[Staff] ([staffID], [email], [photo], [roleID]) VALUES (37, N'johnbar003@openvcms.com', NULL, N't')
INSERT [dbo].[Staff] ([staffID], [email], [photo], [roleID]) VALUES (39, N'rochvie020@openvcms.com', NULL, N't')
INSERT [dbo].[Staff] ([staffID], [email], [photo], [roleID]) VALUES (40, N'gutiiri012@openvcms.com', NULL, N'v')
INSERT [dbo].[Staff] ([staffID], [email], [photo], [roleID]) VALUES (53, N'reevdes008@openvcms.com', NULL, N'n')
INSERT [dbo].[Staff] ([staffID], [email], [photo], [roleID]) VALUES (55, N'shoralt014@openvcms.com', NULL, N'o')
INSERT [dbo].[Staff] ([staffID], [email], [photo], [roleID]) VALUES (56, N'rodgsam015@openvcms.com', NULL, N't')
INSERT [dbo].[Staff] ([staffID], [email], [photo], [roleID]) VALUES (58, N'davilar008@openvcms.com', NULL, N't')
INSERT [dbo].[Staff] ([staffID], [email], [photo], [roleID]) VALUES (62, N'merrhal009@openvcms.com', NULL, N'n')
INSERT [dbo].[Staff] ([staffID], [email], [photo], [roleID]) VALUES (70, N'laldon013@openvcms.com', NULL, N'n')
INSERT [dbo].[Staff] ([staffID], [email], [photo], [roleID]) VALUES (72, N'jaialv016@openvcms.com', NULL, N'n')
INSERT [dbo].[Staff] ([staffID], [email], [photo], [roleID]) VALUES (73, N'guojak008@openvcms.com', NULL, N'o')
INSERT [dbo].[Staff] ([staffID], [email], [photo], [roleID]) VALUES (77, N'heram017@openvcms.com', NULL, N'n')
INSERT [dbo].[Staff] ([staffID], [email], [photo], [roleID]) VALUES (82, N'ruizadr016@openvcms.com', NULL, N't')
INSERT [dbo].[Staff] ([staffID], [email], [photo], [roleID]) VALUES (90, N'liangil014@openvcms.com', NULL, N'n')
INSERT [dbo].[Staff] ([staffID], [email], [photo], [roleID]) VALUES (91, N'dengjai020@openvcms.com', NULL, N'n')
INSERT [dbo].[Staff] ([staffID], [email], [photo], [roleID]) VALUES (94, N'gometab011@openvcms.com', NULL, N't')
INSERT [dbo].[Staff] ([staffID], [email], [photo], [roleID]) VALUES (97, N'chapkri005@openvcms.com', NULL, N'n')
INSERT [dbo].[Staff] ([staffID], [email], [photo], [roleID]) VALUES (101, N'chanali006@openvcms.com', NULL, N'n')
INSERT [dbo].[Staff] ([staffID], [email], [photo], [roleID]) VALUES (103, N'chencla020@openvcms.com', NULL, N'v')
INSERT [dbo].[Staff] ([staffID], [email], [photo], [roleID]) VALUES (111, N'johnwil013@openvcms.com', NULL, N'n')
INSERT [dbo].[Staff] ([staffID], [email], [photo], [roleID]) VALUES (115, N'navalor005@openvcms.com', NULL, N'n')
INSERT [dbo].[Staff] ([staffID], [email], [photo], [roleID]) VALUES (116, N'diazdan013@openvcms.com', NULL, N'o')
INSERT [dbo].[Staff] ([staffID], [email], [photo], [roleID]) VALUES (118, N'ramarac005@openvcms.com', NULL, N'v')
INSERT [dbo].[Staff] ([staffID], [email], [photo], [roleID]) VALUES (119, N'diazmar018@openvcms.com', NULL, N'n')
INSERT [dbo].[Staff] ([staffID], [email], [photo], [roleID]) VALUES (122, N'diazglo018@openvcms.com', NULL, N'n')
INSERT [dbo].[Staff] ([staffID], [email], [photo], [roleID]) VALUES (124, N'moremel002@openvcms.com', NULL, N'o')
INSERT [dbo].[Staff] ([staffID], [email], [photo], [roleID]) VALUES (132, N'gonzver001@openvcms.com', NULL, N'n')
INSERT [dbo].[Staff] ([staffID], [email], [photo], [roleID]) VALUES (137, N'yuanali011@openvcms.com', NULL, N't')
INSERT [dbo].[Staff] ([staffID], [email], [photo], [roleID]) VALUES (140, N'lopegeo012@openvcms.com', NULL, N'n')
INSERT [dbo].[Staff] ([staffID], [email], [photo], [roleID]) VALUES (143, N'parkkai019@openvcms.com', NULL, N'n')
INSERT [dbo].[Staff] ([staffID], [email], [photo], [roleID]) VALUES (152, N'elliare005@openvcms.com', NULL, N'n')
INSERT [dbo].[Staff] ([staffID], [email], [photo], [roleID]) VALUES (153, N'calltob009@openvcms.com', NULL, N't')
INSERT [dbo].[Staff] ([staffID], [email], [photo], [roleID]) VALUES (155, N'myerren009@openvcms.com', NULL, N'v')
INSERT [dbo].[Staff] ([staffID], [email], [photo], [roleID]) VALUES (156, N'valegeo019@openvcms.com', NULL, N't')
INSERT [dbo].[Staff] ([staffID], [email], [photo], [roleID]) VALUES (158, N'travyos001@openvcms.com', NULL, N'o')
INSERT [dbo].[Staff] ([staffID], [email], [photo], [roleID]) VALUES (159, N'wisepet020@openvcms.com', NULL, N'n')
INSERT [dbo].[Staff] ([staffID], [email], [photo], [roleID]) VALUES (160, N'dodskib014@openvcms.com', NULL, N'n')
INSERT [dbo].[Staff] ([staffID], [email], [photo], [roleID]) VALUES (162, N'hoopham001@openvcms.com', NULL, N'o')
INSERT [dbo].[Staff] ([staffID], [email], [photo], [roleID]) VALUES (163, N'lindhel011@openvcms.com', NULL, N'n')
INSERT [dbo].[Staff] ([staffID], [email], [photo], [roleID]) VALUES (169, N'holtkua002@openvcms.com', NULL, N'v')
INSERT [dbo].[Staff] ([staffID], [email], [photo], [roleID]) VALUES (171, N'macdkas013@openvcms.com', NULL, N't')
INSERT [dbo].[Staff] ([staffID], [email], [photo], [roleID]) VALUES (180, N'arnohan007@openvcms.com', NULL, N'n')
INSERT [dbo].[Staff] ([staffID], [email], [photo], [roleID]) VALUES (198, N'mediwil020@openvcms.com', NULL, N'n')
INSERT [dbo].[Staff] ([staffID], [email], [photo], [roleID]) VALUES (201, N'drakjol010@openvcms.com', NULL, N'n')
INSERT [dbo].[Staff] ([staffID], [email], [photo], [roleID]) VALUES (205, N'crawtho020@openvcms.com', NULL, N'n')
INSERT [dbo].[Staff] ([staffID], [email], [photo], [roleID]) VALUES (206, N'owensel017@openvcms.com', NULL, N'v')
INSERT [dbo].[Staff] ([staffID], [email], [photo], [roleID]) VALUES (208, N'downbur015@openvcms.com', NULL, N't')
INSERT [dbo].[Staff] ([staffID], [email], [photo], [roleID]) VALUES (212, N'haysori013@openvcms.com', NULL, N'o')
INSERT [dbo].[Staff] ([staffID], [email], [photo], [roleID]) VALUES (213, N'orrzoe020@openvcms.com', NULL, N'n')
INSERT [dbo].[Staff] ([staffID], [email], [photo], [roleID]) VALUES (214, N'rivecar015@openvcms.com', NULL, N'o')
INSERT [dbo].[Staff] ([staffID], [email], [photo], [roleID]) VALUES (216, N'fieldil016@openvcms.com', NULL, N'o')
INSERT [dbo].[Staff] ([staffID], [email], [photo], [roleID]) VALUES (217, N'doylmar008@openvcms.com', NULL, N'v')
INSERT [dbo].[Staff] ([staffID], [email], [photo], [roleID]) VALUES (224, N'rasmnas005@openvcms.com', NULL, N'n')
INSERT [dbo].[Staff] ([staffID], [email], [photo], [roleID]) VALUES (225, N'hubbwil018@openvcms.com', NULL, N'n')
INSERT [dbo].[Staff] ([staffID], [email], [photo], [roleID]) VALUES (229, N'speachr004@openvcms.com', NULL, N'o')
INSERT [dbo].[Staff] ([staffID], [email], [photo], [roleID]) VALUES (235, N'landjen006@openvcms.com', NULL, N'o')
INSERT [dbo].[Staff] ([staffID], [email], [photo], [roleID]) VALUES (236, N'larasof014@openvcms.com', NULL, N'n')
INSERT [dbo].[Staff] ([staffID], [email], [photo], [roleID]) VALUES (237, N'longchr018@openvcms.com', NULL, N'n')
INSERT [dbo].[Staff] ([staffID], [email], [photo], [roleID]) VALUES (245, N'o''sujen001@openvcms.com', NULL, N'n')
INSERT [dbo].[Staff] ([staffID], [email], [photo], [roleID]) VALUES (246, N'pollbri007@openvcms.com', NULL, N'o')
INSERT [dbo].[Staff] ([staffID], [email], [photo], [roleID]) VALUES (248, N'singana006@openvcms.com', NULL, N'n')
INSERT [dbo].[Staff] ([staffID], [email], [photo], [roleID]) VALUES (249, N'zhantom017@openvcms.com', NULL, N't')
GO
INSERT [dbo].[Trainers] ([trainerID], [specialty], [description]) VALUES (37, N'General Training', N' "Buddy", is an expert in general training, offering a comprehensive approach to puppy development. With a focus on building fundamental skills and fostering positive behaviors, he guides puppies towards success.')
INSERT [dbo].[Trainers] ([trainerID], [specialty], [description]) VALUES (39, N'Obedience Training', N'Vielka is dedicated to obedience training, providing puppies with structured lessons to master essential commands. Through patient guidance and consistent reinforcement, she helps puppies become well-behaved companions.')
INSERT [dbo].[Trainers] ([trainerID], [specialty], [description]) VALUES (56, N'Socialization', N'Mr Rodgers excels in socialization, creating safe environments for puppies to learn and grow. With expertise in understanding canine behavior, he facilitates positive interactions and nurtures confident companions.')
INSERT [dbo].[Trainers] ([trainerID], [specialty], [description]) VALUES (58, N'Obedience Training', N'Trainer Davidson specializes in obedience training, offering tailored sessions to address individual puppy needs. With his expertise in reinforcement techniques, he empowers puppies to excel in obedience and develop strong bonds with their owners.')
INSERT [dbo].[Trainers] ([trainerID], [specialty], [description]) VALUES (82, N'Socialization', N'"Ad" is committed to socialization, creating enriching experiences for puppies to thrive in various environments. Through carefully designed activities, she promotes healthy interactions and fosters well-rounded companions.')
INSERT [dbo].[Trainers] ([trainerID], [specialty], [description]) VALUES (94, N'Socialization', N'Tabitha "Sunshine" Gomez is dedicated to socialization, providing puppies with valuable experiences to build essential social skills. With her nurturing approach and patience, she ensures puppies feel comfortable and confident in diverse social settings.')
INSERT [dbo].[Trainers] ([trainerID], [specialty], [description]) VALUES (137, N'Anxiety Management', N'Alicia specializes in anxiety management, offering compassionate support to puppies facing fear or stress. With her gentle techniques and calming strategies, she helps puppies overcome anxiety and build emotional resilience.')
INSERT [dbo].[Trainers] ([trainerID], [specialty], [description]) VALUES (153, N'Socialization', N'"Toby" excels in socialization, providing puppies with valuable experiences to thrive in diverse environments. With his structured approach and positive reinforcement, he fosters healthy interactions ')
INSERT [dbo].[Trainers] ([trainerID], [specialty], [description]) VALUES (156, N'Obedience Training', N'Geoffrey "Gentle Paws" Valenzuela is known for his expertise in obedience training, guiding puppies through structured lessons to master essential commands. With his patient demeanor and effective techniques, he helps puppies become obedient companions.')
INSERT [dbo].[Trainers] ([trainerID], [specialty], [description]) VALUES (171, N'Anxiety Management', N'"Zen Master" Macdonald specializes in anxiety management, offering compassionate support to puppies facing fear or stress. With his understanding and gentle approach, he helps puppies build confidence and overcome anxiety-related challenges.')
INSERT [dbo].[Trainers] ([trainerID], [specialty], [description]) VALUES (208, N'Socialization', N'Burke excels in socialization, providing puppies with enriching experiences to develop essential social skills. Through carefully planned activities and positive reinforcement, he fosters confident and well-adjusted companions.')
INSERT [dbo].[Trainers] ([trainerID], [specialty], [description]) VALUES (249, N'Socialization', N'Tommie Zhang, also known as "Tom the Trainer", is dedicated to socialization, creating opportunities for puppies to interact and learn in a supportive environment. With his patient guidance and encouragement, he helps puppies develop positive social behaviors and strong bonds.')
GO
SET ANSI_PADDING ON
GO
/****** Object:  Index [roles_roleName_UK]    Script Date: 22/03/2024 4:13:16 PM ******/
ALTER TABLE [dbo].[Roles] ADD  CONSTRAINT [roles_roleName_UK] UNIQUE NONCLUSTERED 
(
	[roleName] ASC
)WITH (PAD_INDEX = OFF, STATISTICS_NORECOMPUTE = OFF, SORT_IN_TEMPDB = OFF, IGNORE_DUP_KEY = OFF, ONLINE = OFF, ALLOW_ROW_LOCKS = ON, ALLOW_PAGE_LOCKS = ON) ON [PRIMARY]
GO
ALTER TABLE [dbo].[Animals]  WITH CHECK ADD  CONSTRAINT [Aniamals_Owners_fk] FOREIGN KEY([ownerID])
REFERENCES [dbo].[Owners] ([ownerID])
ON DELETE CASCADE
GO
ALTER TABLE [dbo].[Animals] CHECK CONSTRAINT [Aniamals_Owners_fk]
GO
ALTER TABLE [dbo].[Animals]  WITH CHECK ADD  CONSTRAINT [Animals_Species_fk] FOREIGN KEY([speciesID])
REFERENCES [dbo].[Species] ([speciesID])
ON DELETE CASCADE
GO
ALTER TABLE [dbo].[Animals] CHECK CONSTRAINT [Animals_Species_fk]
GO
ALTER TABLE [dbo].[Courses]  WITH CHECK ADD  CONSTRAINT [courses_trainer_FK] FOREIGN KEY([trainerID])
REFERENCES [dbo].[Trainers] ([trainerID])
ON DELETE CASCADE
GO
ALTER TABLE [dbo].[Courses] CHECK CONSTRAINT [courses_trainer_FK]
GO
ALTER TABLE [dbo].[Enrolments]  WITH CHECK ADD  CONSTRAINT [Enrolments_Courses_FK] FOREIGN KEY([CourseID])
REFERENCES [dbo].[Courses] ([courseID])
GO
ALTER TABLE [dbo].[Enrolments] CHECK CONSTRAINT [Enrolments_Courses_FK]
GO
ALTER TABLE [dbo].[Enrolments]  WITH CHECK ADD  CONSTRAINT [Enrolments_Puppies_FK] FOREIGN KEY([PuppyID])
REFERENCES [dbo].[Puppies] ([puppyID])
GO
ALTER TABLE [dbo].[Enrolments] CHECK CONSTRAINT [Enrolments_Puppies_FK]
GO
ALTER TABLE [dbo].[Owners]  WITH CHECK ADD  CONSTRAINT [owners_people_fk] FOREIGN KEY([ownerID])
REFERENCES [dbo].[People] ([personID])
ON DELETE CASCADE
GO
ALTER TABLE [dbo].[Owners] CHECK CONSTRAINT [owners_people_fk]
GO
ALTER TABLE [dbo].[Puppies]  WITH CHECK ADD  CONSTRAINT [Puppies_Animals_FK] FOREIGN KEY([puppyID])
REFERENCES [dbo].[Animals] ([animalID])
GO
ALTER TABLE [dbo].[Puppies] CHECK CONSTRAINT [Puppies_Animals_FK]
GO
ALTER TABLE [dbo].[Species]  WITH CHECK ADD  CONSTRAINT [Species_SubSpecies_FK] FOREIGN KEY([parentSpeciesID])
REFERENCES [dbo].[Species] ([speciesID])
GO
ALTER TABLE [dbo].[Species] CHECK CONSTRAINT [Species_SubSpecies_FK]
GO
ALTER TABLE [dbo].[Staff]  WITH CHECK ADD  CONSTRAINT [Staff_People_FK] FOREIGN KEY([staffID])
REFERENCES [dbo].[People] ([personID])
ON DELETE CASCADE
GO
ALTER TABLE [dbo].[Staff] CHECK CONSTRAINT [Staff_People_FK]
GO
ALTER TABLE [dbo].[Staff]  WITH CHECK ADD  CONSTRAINT [staff_roles_fk] FOREIGN KEY([roleID])
REFERENCES [dbo].[Roles] ([roleID])
ON DELETE CASCADE
GO
ALTER TABLE [dbo].[Staff] CHECK CONSTRAINT [staff_roles_fk]
GO
ALTER TABLE [dbo].[Trainers]  WITH CHECK ADD  CONSTRAINT [trainers_staff_FK] FOREIGN KEY([trainerID])
REFERENCES [dbo].[Staff] ([staffID])
ON DELETE CASCADE
GO
ALTER TABLE [dbo].[Trainers] CHECK CONSTRAINT [trainers_staff_FK]
GO

